timestamp,user,role,ip,status,reason,hour,weekday,risk_score,risk_level,ml_anomaly_score,ml_is_anomaly
2025-11-22 23:06:11,alice,user,192.168.1.12,SUCCESS,ok,23,5,25,low,-0.210737719048044,0
2025-11-20 09:00:11,admin,admin,10.0.0.6,FAIL,unknown_user,9,3,20,low,-0.054061580691479705,0
2025-11-18 00:52:11,admin,admin,192.168.1.11,FAIL,unknown_user,0,1,45,medium,-0.024800826631158568,0
2025-11-24 21:24:11,bob,user,192.168.1.10,SUCCESS,ok,21,0,25,low,-0.15594001907044708,0
2025-11-17 15:35:11,charlie,user,192.168.1.10,SUCCESS,ok,15,0,0,low,-0.18470423452041673,0
2025-11-21 03:33:11,bob,user,10.0.0.6,SUCCESS,ok,3,4,0,low,-0.17726528538563163,0
2025-11-23 02:02:11,admin,admin,10.0.0.6,SUCCESS,ok,2,6,20,low,-0.16465188214662851,0
2025-11-20 16:03:11,admin,admin,8.8.8.8,SUCCESS,ok,16,3,20,low,-0.049241542039513475,0
2025-11-20 00:53:11,bob,user,192.168.1.12,SUCCESS,ok,0,3,25,low,-0.20857248445186816,0
2025-11-21 23:29:11,admin,admin,203.0.113.10,SUCCESS,ok,23,4,45,medium,-0.050852618407035255,0
2025-11-24 21:35:11,alice,user,192.168.1.10,SUCCESS,ok,21,0,0,low,-0.15990570750197874,0
2025-11-18 20:24:11,alice,user,192.168.1.11,SUCCESS,ok,20,1,0,low,-0.1903998336914906,0
2025-11-21 12:39:11,admin,admin,192.168.1.10,SUCCESS,ok,12,4,20,low,-0.1409960276123522,0
2025-11-23 11:34:11,alice,user,192.168.1.10,SUCCESS,ok,11,6,0,low,-0.19407593469510948,0
2025-11-17 14:35:11,bob,user,192.168.1.11,SUCCESS,ok,14,0,0,low,-0.20174898740751157,0
2025-11-20 14:12:11,charlie,user,192.168.1.12,SUCCESS,ok,14,3,0,low,-0.20174898740751157,0
2025-11-18 00:21:11,admin,admin,10.0.0.5,SUCCESS,ok,0,1,45,medium,-0.10184810617941686,0
2025-11-21 00:01:11,alice,user,8.8.8.8,SUCCESS,ok,0,4,25,low,-0.11974452488864396,0
2025-11-24 14:20:11,alice,user,198.51.100.3,SUCCESS,ok,14,0,0,low,-0.09463276070233784,0
2025-11-23 13:41:11,alice,user,51.89.23.14,SUCCESS,ok,13,6,0,low,-0.10247668451811143,0
2025-11-19 14:04:11,alice,user,192.168.1.11,SUCCESS,ok,14,2,0,low,-0.20174898740751157,0
2025-11-19 01:43:11,admin,admin,10.0.0.5,SUCCESS,ok,1,2,45,medium,-0.10166881446659493,0
2025-11-21 14:29:11,admin,admin,10.0.0.6,SUCCESS,ok,14,4,20,low,-0.14121980788034416,0
2025-11-16 22:00:11,admin,admin,192.168.1.11,FAIL,bad_password,22,6,45,medium,-0.030596375732419356,0
2025-11-17 07:23:11,alice,user,8.8.8.8,SUCCESS,ok,7,0,0,low,-0.10654305800138675,0
2025-11-24 01:52:11,alice,user,10.0.0.5,FAIL,bad_password,1,0,25,low,-0.0644698246799561,0
2025-11-20 07:20:11,alice,user,10.0.0.5,SUCCESS,ok,7,3,0,low,-0.1968515695316872,0
2025-11-18 00:34:11,admin,admin,192.168.1.11,SUCCESS,ok,0,1,45,medium,-0.10184810617941686,0
2025-11-18 15:33:11,alice,user,192.168.1.10,FAIL,bad_password,15,1,0,low,-0.06459892114324539,0
2025-11-22 13:49:11,admin,admin,8.8.8.8,SUCCESS,ok,13,5,20,low,-0.0681763832264003,0
2025-11-23 23:36:11,charlie,user,10.0.0.6,FAIL,bad_password,23,6,25,low,-0.07536283898764218,0
2025-11-17 16:19:11,charlie,user,10.0.0.5,SUCCESS,ok,16,0,0,low,-0.18145127272917383,0
2025-11-21 05:12:11,alice,user,10.0.0.5,SUCCESS,ok,5,4,0,low,-0.19728484892242687,0
2025-11-18 12:15:11,bob,user,192.168.1.10,SUCCESS,ok,12,1,0,low,-0.19656099588041198,0
2025-11-18 10:28:11,admin,admin,192.168.1.11,SUCCESS,ok,10,1,20,low,-0.13877852532491242,0
2025-11-24 10:11:11,bob,user,192.168.1.10,SUCCESS,ok,10,0,0,low,-0.1699839366717691,0
2025-11-24 14:56:11,charlie,user,10.0.0.6,SUCCESS,ok,14,0,0,low,-0.20174898740751157,0
2025-11-21 18:36:11,bob,user,10.0.0.6,SUCCESS,ok,18,4,0,low,-0.16033407215443196,0
2025-11-20 13:43:11,alice,user,10.0.0.6,SUCCESS,ok,13,3,0,low,-0.19419957982571562,0
2025-11-22 03:44:11,admin,admin,192.168.1.12,SUCCESS,ok,3,5,20,low,-0.14449165139524578,0
2025-11-20 18:46:11,alice,user,10.0.0.5,SUCCESS,ok,18,3,0,low,-0.16033407215443196,0
2025-11-18 20:06:11,charlie,user,192.168.1.11,FAIL,bad_password,20,1,0,low,-0.05507995978204949,0
2025-11-23 04:52:11,alice,user,10.0.0.5,SUCCESS,ok,4,6,0,low,-0.19062178946263747,0
2025-11-21 01:15:11,charlie,user,8.8.8.8,SUCCESS,ok,1,4,0,low,-0.06937348210764127,0
2025-11-23 13:56:11,charlie,user,192.168.1.10,SUCCESS,ok,13,6,0,low,-0.19419957982571562,0
2025-11-22 14:09:11,admin,admin,192.168.1.12,SUCCESS,ok,14,5,20,low,-0.14121980788034416,0
2025-11-20 22:42:11,charlie,user,192.168.1.12,SUCCESS,ok,22,3,25,low,-0.19244854323655258,0
2025-11-17 00:11:11,bob,user,51.89.23.14,FAIL,bad_password,0,0,55,medium,0.027048199413369334,1
2025-11-19 14:59:11,bob,user,10.0.0.6,SUCCESS,ok,14,2,0,low,-0.20174898740751157,0
2025-11-23 21:28:11,admin,admin,192.168.1.10,SUCCESS,ok,21,6,20,low,-0.1778049106009621,0
2025-11-19 00:02:11,bob,user,10.0.0.5,SUCCESS,ok,0,2,25,low,-0.20857248445186816,0
2025-11-17 22:01:11,admin,admin,10.0.0.5,SUCCESS,ok,22,0,45,medium,-0.10452001337216565,0
2025-11-21 22:47:11,alice,user,192.168.1.10,SUCCESS,ok,22,4,25,low,-0.19244854323655258,0
2025-11-17 07:10:11,bob,user,10.0.0.6,SUCCESS,ok,7,0,0,low,-0.1968515695316872,0
2025-11-17 17:29:11,bob,user,10.0.0.6,FAIL,bad_password,17,0,20,low,-0.06296997175283325,0
2025-11-21 11:28:11,bob,user,10.0.0.6,SUCCESS,ok,11,4,0,low,-0.19407593469510948,0
2025-11-19 07:13:11,bob,user,198.51.100.3,SUCCESS,ok,7,2,0,low,-0.10654305800138675,0
2025-11-23 07:31:11,alice,user,192.168.1.10,SUCCESS,ok,7,6,0,low,-0.1968515695316872,0
2025-11-24 08:36:11,alice,user,192.168.1.10,SUCCESS,ok,8,0,0,low,-0.190829194159085,0
2025-11-17 11:11:11,alice,user,192.168.1.10,SUCCESS,ok,11,0,0,low,-0.19407593469510948,0
2025-11-21 23:08:11,charlie,user,198.51.100.3,SUCCESS,ok,23,4,25,low,-0.11177132980792537,0
2025-11-20 01:28:11,admin,admin,192.168.1.11,SUCCESS,ok,1,3,45,medium,-0.10166881446659493,0
2025-11-18 10:31:11,bob,user,192.168.1.12,SUCCESS,ok,10,1,0,low,-0.1699839366717691,0
2025-11-21 10:11:11,charlie,user,10.0.0.5,SUCCESS,ok,10,4,0,low,-0.1699839366717691,0
2025-11-17 07:16:11,alice,user,10.0.0.6,SUCCESS,ok,7,0,0,low,-0.1968515695316872,0
2025-11-19 06:16:11,admin,admin,192.168.1.10,SUCCESS,ok,6,2,20,low,-0.1250102776033043,0
2025-11-19 11:15:11,bob,user,192.168.1.12,SUCCESS,ok,11,2,0,low,-0.19407593469510948,0
2025-11-24 09:45:11,charlie,user,192.168.1.12,SUCCESS,ok,9,0,0,low,-0.18227415590770224,0
2025-11-18 04:28:11,alice,user,10.0.0.5,FAIL,unknown_user,4,1,0,low,-0.05859225901520693,0
2025-11-22 23:12:11,admin,admin,192.168.1.11,SUCCESS,ok,23,5,45,medium,-0.13368125327708047,0
2025-11-19 19:20:11,alice,user,10.0.0.6,FAIL,unknown_user,19,2,0,low,-0.051910266335193245,0
2025-11-23 05:11:11,alice,user,10.0.0.5,SUCCESS,ok,5,6,0,low,-0.19728484892242687,0
2025-11-20 18:27:11,admin,admin,10.0.0.6,FAIL,bad_password,18,3,20,low,-0.0540047161551831,0
2025-11-21 22:08:11,bob,user,192.168.1.11,SUCCESS,ok,22,4,25,low,-0.19244854323655258,0
2025-11-22 06:57:11,alice,user,192.168.1.12,SUCCESS,ok,6,5,0,low,-0.19886593041608974,0
2025-11-18 21:11:11,bob,user,10.0.0.6,SUCCESS,ok,21,1,25,low,-0.15594001907044708,0
2025-11-19 06:17:11,bob,user,10.0.0.5,SUCCESS,ok,6,2,0,low,-0.19886593041608974,0
2025-11-22 18:06:11,alice,user,198.51.100.3,SUCCESS,ok,18,5,0,low,-0.08048990874549322,0
2025-11-17 05:24:11,alice,user,192.168.1.11,FAIL,bad_password,5,0,0,low,-0.053581510130210064,0
2025-11-22 01:03:11,alice,user,10.0.0.6,SUCCESS,ok,1,5,25,low,-0.18110962984545836,0
2025-11-24 00:40:11,charlie,user,10.0.0.5,SUCCESS,ok,0,0,25,low,-0.20857248445186816,0
2025-11-21 06:05:11,admin,admin,10.0.0.6,SUCCESS,ok,6,4,20,low,-0.1250102776033043,0
2025-11-18 00:54:11,charlie,user,203.0.113.10,SUCCESS,ok,0,1,25,low,-0.11974452488864396,0
2025-11-18 18:03:11,bob,user,192.168.1.10,SUCCESS,ok,18,1,0,low,-0.16033407215443196,0
2025-11-19 07:31:11,alice,user,192.168.1.10,SUCCESS,ok,7,2,0,low,-0.1968515695316872,0
2025-11-19 16:02:11,charlie,user,192.168.1.11,SUCCESS,ok,16,2,0,low,-0.18145127272917383,0
2025-11-17 05:06:11,charlie,user,198.51.100.3,SUCCESS,ok,5,0,0,low,-0.09993236852034149,0
2025-11-18 07:56:11,charlie,user,10.0.0.5,SUCCESS,ok,7,1,0,low,-0.1968515695316872,0
2025-11-21 14:04:11,bob,user,192.168.1.12,SUCCESS,ok,14,4,0,low,-0.20174898740751157,0
2025-11-24 01:42:11,charlie,user,192.168.1.12,SUCCESS,ok,1,0,0,low,-0.13038266067470616,0
2025-11-17 12:51:11,alice,user,10.0.0.5,SUCCESS,ok,12,0,0,low,-0.19656099588041198,0
2025-11-24 00:43:11,charlie,user,10.0.0.5,FAIL,bad_password,0,0,25,low,-0.07237313441841697,0
2025-11-21 04:21:11,alice,user,192.168.1.10,SUCCESS,ok,4,4,0,low,-0.19062178946263747,0
2025-11-17 08:59:11,admin,admin,192.168.1.10,SUCCESS,ok,8,0,20,low,-0.1275921941519218,0
2025-11-20 19:14:11,bob,user,10.0.0.6,FAIL,bad_password,19,3,20,low,-0.07744190320417732,0
2025-11-17 03:06:11,bob,user,10.0.0.6,SUCCESS,ok,3,0,0,low,-0.17726528538563163,0
2025-11-18 16:50:11,admin,admin,192.168.1.10,SUCCESS,ok,16,1,20,low,-0.11615906654951702,0
2025-11-21 22:46:11,charlie,user,10.0.0.6,SUCCESS,ok,22,4,25,low,-0.19244854323655258,0
2025-11-19 08:42:11,charlie,user,192.168.1.10,SUCCESS,ok,8,2,0,low,-0.190829194159085,0
2025-11-18 20:36:11,admin,admin,192.168.1.12,FAIL,unknown_user,20,1,20,low,-0.0803417527400716,0
2025-11-19 09:04:11,admin,admin,10.0.0.5,SUCCESS,ok,9,2,20,low,-0.11803535557386646,0
2025-11-24 00:57:11,charlie,user,1.1.1.1,FAIL,bad_password,0,0,35,low,-0.03416670865691385,0
2025-11-17 11:31:11,admin,admin,192.168.1.11,SUCCESS,ok,11,0,20,low,-0.13700950612399254,0
2025-11-23 22:25:11,alice,user,1.1.1.1,SUCCESS,ok,22,6,25,low,-0.0940736364955218,0
2025-11-24 04:54:11,bob,user,10.0.0.6,SUCCESS,ok,4,0,0,low,-0.19062178946263747,0
2025-11-17 03:36:11,charlie,user,192.168.1.11,SUCCESS,ok,3,0,0,low,-0.17726528538563163,0
2025-11-23 02:53:11,alice,user,192.168.1.12,SUCCESS,ok,2,6,0,low,-0.18047231705103794,0
2025-11-24 12:47:11,alice,user,192.168.1.11,SUCCESS,ok,12,0,0,low,-0.19656099588041198,0
2025-11-18 14:05:11,alice,user,192.168.1.11,SUCCESS,ok,14,1,0,low,-0.20174898740751157,0
2025-11-19 20:22:11,alice,user,203.0.113.10,SUCCESS,ok,20,2,0,low,-0.08424273576126862,0
2025-11-24 10:27:11,alice,user,192.168.1.11,SUCCESS,ok,10,0,0,low,-0.1699839366717691,0
2025-11-22 10:48:11,admin,admin,192.168.1.11,SUCCESS,ok,10,5,20,low,-0.13877852532491242,0
2025-11-20 08:42:11,bob,user,192.168.1.12,SUCCESS,ok,8,3,0,low,-0.190829194159085,0
2025-11-21 14:05:11,charlie,user,10.0.0.6,SUCCESS,ok,14,4,0,low,-0.20174898740751157,0
2025-11-23 08:02:11,charlie,user,10.0.0.6,SUCCESS,ok,8,6,0,low,-0.190829194159085,0
2025-11-20 07:02:11,alice,user,192.168.1.10,SUCCESS,ok,7,3,0,low,-0.1968515695316872,0
2025-11-24 15:02:11,charlie,user,192.168.1.12,SUCCESS,ok,15,0,0,low,-0.18470423452041673,0
2025-11-19 17:36:11,alice,user,203.0.113.10,SUCCESS,ok,17,2,0,low,-0.09561122365633623,0
2025-11-22 06:14:11,admin,admin,10.0.0.5,SUCCESS,ok,6,5,20,low,-0.1250102776033043,0
2025-11-20 23:35:11,charlie,user,192.168.1.12,SUCCESS,ok,23,3,25,low,-0.210737719048044,0
2025-11-23 06:20:11,alice,user,10.0.0.5,SUCCESS,ok,6,6,0,low,-0.19886593041608974,0
2025-11-23 05:25:11,charlie,user,192.168.1.12,SUCCESS,ok,5,6,0,low,-0.19728484892242687,0
2025-11-24 04:20:11,admin,admin,10.0.0.6,SUCCESS,ok,4,0,20,low,-0.13940584488127883,0
2025-11-19 12:15:11,charlie,user,192.168.1.12,FAIL,bad_password,12,2,0,low,-0.05746626402147692,0
2025-11-18 05:05:11,charlie,user,203.0.113.10,SUCCESS,ok,5,1,0,low,-0.09993236852034149,0
2025-11-19 16:24:11,bob,user,192.168.1.10,SUCCESS,ok,16,2,0,low,-0.18145127272917383,0
2025-11-22 04:18:11,charlie,user,192.168.1.11,SUCCESS,ok,4,5,0,low,-0.19062178946263747,0
2025-11-22 19:28:11,admin,admin,192.168.1.10,FAIL,bad_password,19,5,20,low,-0.07744190320417732,0
2025-11-20 17:27:11,charlie,user,10.0.0.6,SUCCESS,ok,17,3,0,low,-0.17359379399333147,0
2025-11-23 09:37:11,alice,user,51.89.23.14,SUCCESS,ok,9,6,0,low,-0.07907882377460507,0
2025-11-24 07:28:11,admin,admin,192.168.1.11,SUCCESS,ok,7,0,20,low,-0.13441809268261362,0
2025-11-17 14:00:11,bob,user,192.168.1.11,SUCCESS,ok,14,0,0,low,-0.20174898740751157,0
2025-11-16 21:53:11,admin,admin,192.168.1.10,SUCCESS,ok,21,6,20,low,-0.1778049106009621,0
2025-11-20 07:42:11,admin,admin,10.0.0.5,SUCCESS,ok,7,3,20,low,-0.13441809268261362,0
2025-11-20 01:53:11,charlie,user,192.168.1.10,SUCCESS,ok,1,3,0,low,-0.13038266067470616,0
2025-11-23 20:43:11,alice,user,192.168.1.11,SUCCESS,ok,20,6,0,low,-0.1903998336914906,0
2025-11-16 23:22:11,charlie,user,10.0.0.5,SUCCESS,ok,23,6,25,low,-0.210737719048044,0
2025-11-20 08:35:11,alice,user,192.168.1.12,SUCCESS,ok,8,3,0,low,-0.190829194159085,0
2025-11-20 20:51:11,alice,user,1.1.1.1,SUCCESS,ok,20,3,0,low,-0.08424273576126862,0
2025-11-22 04:45:11,alice,user,1.1.1.1,SUCCESS,ok,4,5,0,low,-0.0867174802793309,0
2025-11-24 21:32:11,charlie,user,10.0.0.5,SUCCESS,ok,21,0,25,low,-0.15594001907044708,0
2025-11-24 09:14:11,alice,user,10.0.0.6,SUCCESS,ok,9,0,0,low,-0.18227415590770224,0
2025-11-17 13:49:11,admin,admin,192.168.1.11,SUCCESS,ok,13,0,20,low,-0.15399858864627358,0
2025-11-20 20:51:11,admin,admin,192.168.1.10,FAIL,unknown_user,20,3,20,low,-0.0803417527400716,0
2025-11-18 17:15:11,admin,admin,192.168.1.12,SUCCESS,ok,17,1,20,low,-0.11366135371892117,0
2025-11-18 03:52:11,admin,admin,10.0.0.6,SUCCESS,ok,3,1,20,low,-0.14449165139524578,0
2025-11-22 22:29:11,admin,admin,51.89.23.14,FAIL,bad_password,22,5,55,medium,0.02854880813504046,1
2025-11-23 15:59:11,bob,user,203.0.113.10,SUCCESS,ok,15,6,0,low,-0.09652279198296798,0
2025-11-20 15:02:11,charlie,user,10.0.0.6,SUCCESS,ok,15,3,0,low,-0.18470423452041673,0
2025-11-17 16:03:11,charlie,user,10.0.0.6,SUCCESS,ok,16,0,0,low,-0.18145127272917383,0
2025-11-23 00:03:11,admin,admin,51.89.23.14,SUCCESS,ok,0,6,45,medium,-0.047911443085905225,0
2025-11-22 23:40:11,alice,user,8.8.8.8,SUCCESS,ok,23,5,25,low,-0.11177132980792537,0
2025-11-22 02:05:11,bob,user,10.0.0.5,FAIL,bad_password,2,5,20,low,-0.061050402129812276,0
2025-11-16 23:59:11,bob,user,10.0.0.6,SUCCESS,ok,23,6,25,low,-0.210737719048044,0
2025-11-19 19:12:11,admin,admin,10.0.0.5,FAIL,bad_password,19,2,20,low,-0.07744190320417732,0
2025-11-20 08:03:11,alice,user,192.168.1.11,SUCCESS,ok,8,3,0,low,-0.190829194159085,0
2025-11-18 03:18:11,bob,user,198.51.100.3,SUCCESS,ok,3,1,0,low,-0.07576818917480965,0
2025-11-23 21:07:11,admin,admin,1.1.1.1,FAIL,unknown_user,21,6,30,low,-0.037950253163637204,0
2025-11-21 18:39:11,bob,user,192.168.1.10,SUCCESS,ok,18,4,0,low,-0.16033407215443196,0
2025-11-18 09:36:11,bob,user,192.168.1.11,FAIL,bad_password,9,1,20,low,-0.054061580691479705,0
2025-11-17 23:34:11,bob,user,192.168.1.11,SUCCESS,ok,23,0,25,low,-0.210737719048044,0
2025-11-20 17:21:11,bob,user,192.168.1.11,SUCCESS,ok,17,3,0,low,-0.17359379399333147,0
2025-11-19 16:33:11,alice,user,192.168.1.11,SUCCESS,ok,16,2,0,low,-0.18145127272917383,0
2025-11-19 08:02:11,admin,admin,192.168.1.11,SUCCESS,ok,8,2,20,low,-0.1275921941519218,0
2025-11-23 01:11:11,alice,user,10.0.0.5,SUCCESS,ok,1,6,25,low,-0.18110962984545836,0
2025-11-22 09:13:11,bob,user,10.0.0.6,SUCCESS,ok,9,5,0,low,-0.18227415590770224,0
2025-11-18 16:59:11,admin,admin,192.168.1.12,SUCCESS,ok,16,1,20,low,-0.11615906654951702,0
2025-11-21 18:54:11,charlie,user,10.0.0.6,SUCCESS,ok,18,4,0,low,-0.16033407215443196,0
2025-11-19 00:00:11,charlie,user,192.168.1.10,SUCCESS,ok,0,2,25,low,-0.20857248445186816,0
2025-11-18 18:12:11,admin,admin,192.168.1.11,SUCCESS,ok,18,1,20,low,-0.0967921906547139,0
2025-11-19 21:57:11,alice,user,192.168.1.12,SUCCESS,ok,21,2,0,low,-0.15990570750197874,0
2025-11-22 14:11:11,alice,user,10.0.0.5,SUCCESS,ok,14,5,0,low,-0.20174898740751157,0
2025-11-21 22:22:11,admin,admin,192.168.1.12,SUCCESS,ok,22,4,45,medium,-0.10452001337216565,0
2025-11-21 11:47:11,bob,user,192.168.1.12,SUCCESS,ok,11,4,0,low,-0.19407593469510948,0
2025-11-18 00:16:11,charlie,user,198.51.100.3,SUCCESS,ok,0,1,25,low,-0.11974452488864396,0
2025-11-23 13:09:11,bob,user,192.168.1.12,SUCCESS,ok,13,6,0,low,-0.19419957982571562,0
2025-11-19 04:57:11,alice,user,10.0.0.5,SUCCESS,ok,4,2,0,low,-0.19062178946263747,0
2025-11-20 17:22:11,alice,user,10.0.0.6,SUCCESS,ok,17,3,0,low,-0.17359379399333147,0
2025-11-18 05:32:11,alice,user,192.168.1.12,SUCCESS,ok,5,1,0,low,-0.19728484892242687,0
2025-11-21 14:58:11,charlie,user,10.0.0.6,SUCCESS,ok,14,4,0,low,-0.20174898740751157,0
2025-11-22 23:31:11,bob,user,192.168.1.10,SUCCESS,ok,23,5,25,low,-0.210737719048044,0
2025-11-20 08:12:11,charlie,user,192.168.1.11,SUCCESS,ok,8,3,0,low,-0.190829194159085,0
2025-11-22 00:10:11,bob,user,192.168.1.11,SUCCESS,ok,0,5,25,low,-0.20857248445186816,0
2025-11-23 05:43:11,alice,user,192.168.1.10,SUCCESS,ok,5,6,0,low,-0.19728484892242687,0
2025-11-19 03:32:11,charlie,user,192.168.1.10,SUCCESS,ok,3,2,0,low,-0.17726528538563163,0
2025-11-22 04:27:11,admin,admin,192.168.1.11,SUCCESS,ok,4,5,20,low,-0.13940584488127883,0
2025-11-23 11:45:11,bob,user,192.168.1.10,SUCCESS,ok,11,6,0,low,-0.19407593469510948,0
2025-11-17 08:00:11,admin,admin,10.0.0.6,SUCCESS,ok,8,0,20,low,-0.1275921941519218,0
2025-11-23 20:44:11,bob,user,10.0.0.6,SUCCESS,ok,20,6,0,low,-0.1903998336914906,0
2025-11-24 17:24:11,alice,user,10.0.0.5,FAIL,bad_password,17,0,0,low,-0.053516190253254714,0
2025-11-22 05:07:11,bob,user,1.1.1.1,SUCCESS,ok,5,5,0,low,-0.09993236852034149,0
2025-11-21 02:59:11,bob,user,10.0.0.6,SUCCESS,ok,2,4,0,low,-0.18047231705103794,0
2025-11-20 06:28:11,admin,admin,51.89.23.14,SUCCESS,ok,6,3,20,low,-0.06363262447868734,0
2025-11-20 06:03:11,bob,user,10.0.0.6,SUCCESS,ok,6,3,0,low,-0.19886593041608974,0
2025-11-19 03:02:11,charlie,user,192.168.1.12,SUCCESS,ok,3,2,0,low,-0.17726528538563163,0
2025-11-18 20:03:11,charlie,user,10.0.0.5,SUCCESS,ok,20,1,0,low,-0.1903998336914906,0
2025-11-17 09:58:11,alice,user,192.168.1.10,SUCCESS,ok,9,0,0,low,-0.18227415590770224,0
2025-11-20 08:32:11,bob,user,192.168.1.12,SUCCESS,ok,8,3,0,low,-0.190829194159085,0
2025-11-24 17:52:11,charlie,user,192.168.1.10,SUCCESS,ok,17,0,0,low,-0.17359379399333147,0
2025-11-24 11:38:11,bob,user,192.168.1.11,SUCCESS,ok,11,0,0,low,-0.19407593469510948,0
2025-11-21 08:11:11,alice,user,10.0.0.6,FAIL,bad_password,8,4,0,low,-0.04762231847290965,0
2025-11-24 06:28:11,bob,user,192.168.1.11,SUCCESS,ok,6,0,0,low,-0.19886593041608974,0
2025-11-24 01:52:11,admin,admin,192.168.1.11,FAIL,bad_password,1,0,45,medium,-0.02827287209866891,0
2025-11-22 12:08:11,alice,user,192.168.1.12,FAIL,unknown_user,12,5,0,low,-0.05746626402147692,0
2025-11-23 10:49:11,admin,admin,10.0.0.5,SUCCESS,ok,10,6,20,low,-0.13877852532491242,0
2025-11-21 14:38:11,alice,user,192.168.1.10,FAIL,bad_password,14,4,0,low,-0.05877148948008504,0
2025-11-23 02:08:11,charlie,user,192.168.1.11,SUCCESS,ok,2,6,0,low,-0.18047231705103794,0
2025-11-23 18:07:11,bob,user,192.168.1.10,SUCCESS,ok,18,6,0,low,-0.16033407215443196,0
2025-11-21 18:54:11,admin,admin,203.0.113.10,SUCCESS,ok,18,4,20,low,-0.04597895507529426,0
2025-11-21 01:27:11,charlie,user,203.0.113.10,SUCCESS,ok,1,4,0,low,-0.06937348210764127,0
2025-11-18 19:46:11,alice,user,192.168.1.10,SUCCESS,ok,19,1,0,low,-0.17298091179169078,0
2025-11-22 05:54:11,alice,user,203.0.113.10,SUCCESS,ok,5,5,0,low,-0.09993236852034149,0
2025-11-17 18:33:11,admin,admin,192.168.1.11,FAIL,bad_password,18,0,20,low,-0.0540047161551831,0
2025-11-22 20:48:11,charlie,user,203.0.113.10,SUCCESS,ok,20,5,0,low,-0.08424273576126862,0
2025-11-17 12:45:11,admin,admin,10.0.0.5,FAIL,bad_password,12,0,20,low,-0.04723849614392184,0
2025-11-23 17:58:11,charlie,user,192.168.1.11,FAIL,bad_password,17,6,0,low,-0.053516190253254714,0
2025-11-19 15:39:11,bob,user,192.168.1.12,SUCCESS,ok,15,2,0,low,-0.18470423452041673,0
2025-11-20 11:10:11,bob,user,192.168.1.12,SUCCESS,ok,11,3,0,low,-0.19407593469510948,0
2025-11-19 22:17:11,admin,admin,192.168.1.12,SUCCESS,ok,22,2,45,medium,-0.10452001337216565,0
2025-11-21 05:51:11,alice,user,192.168.1.11,SUCCESS,ok,5,4,0,low,-0.19728484892242687,0
2025-11-22 12:24:11,admin,admin,10.0.0.6,SUCCESS,ok,12,5,20,low,-0.1409960276123522,0
2025-11-18 20:32:11,charlie,user,192.168.1.12,SUCCESS,ok,20,1,0,low,-0.1903998336914906,0
2025-11-21 13:13:11,admin,admin,10.0.0.6,SUCCESS,ok,13,4,20,low,-0.15399858864627358,0
2025-11-24 00:40:11,bob,user,192.168.1.12,SUCCESS,ok,0,0,25,low,-0.20857248445186816,0
2025-11-21 02:33:11,admin,admin,192.168.1.11,SUCCESS,ok,2,4,20,low,-0.16465188214662851,0
2025-11-18 02:16:11,bob,user,10.0.0.5,SUCCESS,ok,2,1,0,low,-0.18047231705103794,0
2025-11-17 12:06:11,bob,user,198.51.100.3,SUCCESS,ok,12,0,0,low,-0.09823843042310598,0
2025-11-22 05:59:11,bob,user,192.168.1.10,SUCCESS,ok,5,5,0,low,-0.19728484892242687,0
2025-11-21 20:01:11,charlie,user,198.51.100.3,SUCCESS,ok,20,4,0,low,-0.08424273576126862,0
2025-11-20 06:50:11,alice,user,192.168.1.11,FAIL,bad_password,6,3,0,low,-0.055176373175472526,0
2025-11-17 08:34:11,admin,admin,10.0.0.6,SUCCESS,ok,8,0,20,low,-0.1275921941519218,0
2025-11-23 01:26:11,admin,admin,192.168.1.11,SUCCESS,ok,1,6,45,medium,-0.10166881446659493,0
2025-11-23 04:14:11,charlie,user,10.0.0.6,SUCCESS,ok,4,6,0,low,-0.19062178946263747,0
2025-11-23 00:51:11,charlie,user,1.1.1.1,SUCCESS,ok,0,6,25,low,-0.11974452488864396,0
2025-11-22 03:30:11,charlie,user,10.0.0.6,SUCCESS,ok,3,5,0,low,-0.17726528538563163,0
2025-11-20 22:42:11,admin,admin,10.0.0.6,SUCCESS,ok,22,3,45,medium,-0.10452001337216565,0
2025-11-23 00:40:11,bob,user,192.168.1.11,SUCCESS,ok,0,6,25,low,-0.20857248445186816,0
2025-11-17 14:32:11,alice,user,10.0.0.5,SUCCESS,ok,14,0,0,low,-0.20174898740751157,0
2025-11-18 06:46:11,bob,user,10.0.0.5,SUCCESS,ok,6,1,0,low,-0.19886593041608974,0
2025-11-22 05:07:11,alice,user,192.168.1.12,SUCCESS,ok,5,5,0,low,-0.19728484892242687,0
2025-11-18 20:28:11,admin,admin,10.0.0.6,SUCCESS,ok,20,1,20,low,-0.150974535343963,0
2025-11-16 22:09:11,alice,user,192.168.1.11,SUCCESS,ok,22,6,25,low,-0.19244854323655258,0
2025-11-22 21:03:11,admin,admin,192.168.1.12,SUCCESS,ok,21,5,20,low,-0.1778049106009621,0
2025-11-21 06:09:11,charlie,user,8.8.8.8,SUCCESS,ok,6,4,0,low,-0.09258359815944128,0
2025-11-20 10:55:11,bob,user,192.168.1.10,SUCCESS,ok,10,3,0,low,-0.1699839366717691,0
2025-11-19 01:25:11,admin,admin,192.168.1.12,FAIL,unknown_user,1,2,45,medium,-0.02827287209866891,0
2025-11-19 05:40:11,admin,admin,51.89.23.14,SUCCESS,ok,5,2,20,low,-0.07626231899090763,0
2025-11-18 23:36:11,bob,user,10.0.0.6,SUCCESS,ok,23,1,25,low,-0.210737719048044,0
2025-11-21 12:46:11,alice,user,192.168.1.12,SUCCESS,ok,12,4,0,low,-0.19656099588041198,0
2025-11-18 23:20:11,alice,user,198.51.100.3,SUCCESS,ok,23,1,25,low,-0.11177132980792537,0
2025-11-23 18:15:11,bob,user,192.168.1.12,SUCCESS,ok,18,6,0,low,-0.16033407215443196,0
2025-11-17 10:19:11,charlie,user,192.168.1.11,SUCCESS,ok,10,0,0,low,-0.1699839366717691,0
2025-11-17 12:40:11,bob,user,192.168.1.11,SUCCESS,ok,12,0,0,low,-0.19656099588041198,0
2025-11-24 00:46:11,alice,user,1.1.1.1,SUCCESS,ok,0,0,25,low,-0.11974452488864396,0
2025-11-23 06:21:11,bob,user,192.168.1.12,FAIL,bad_password,6,6,20,low,-0.04870402778611804,0
2025-11-21 13:20:11,charlie,user,1.1.1.1,SUCCESS,ok,13,4,0,low,-0.10247668451811143,0
2025-11-24 16:34:11,bob,user,192.168.1.10,SUCCESS,ok,16,0,0,low,-0.18145127272917383,0
2025-11-22 06:46:11,alice,user,192.168.1.10,SUCCESS,ok,6,5,0,low,-0.19886593041608974,0
2025-11-21 09:37:11,bob,user,192.168.1.10,SUCCESS,ok,9,4,0,low,-0.18227415590770224,0
2025-11-18 12:15:11,alice,user,10.0.0.5,SUCCESS,ok,12,1,0,low,-0.19656099588041198,0
2025-11-16 22:59:11,alice,user,192.168.1.10,SUCCESS,ok,22,6,25,low,-0.19244854323655258,0
2025-11-20 18:53:11,charlie,user,192.168.1.12,SUCCESS,ok,18,3,0,low,-0.16033407215443196,0
2025-11-20 17:22:11,admin,admin,203.0.113.10,SUCCESS,ok,17,3,20,low,-0.06080458864539273,0
2025-11-17 10:16:11,admin,admin,10.0.0.5,SUCCESS,ok,10,0,20,low,-0.13877852532491242,0
2025-11-21 06:06:11,admin,admin,10.0.0.6,SUCCESS,ok,6,4,20,low,-0.1250102776033043,0
2025-11-24 10:46:11,bob,user,192.168.1.11,SUCCESS,ok,10,0,0,low,-0.1699839366717691,0
2025-11-18 01:52:11,admin,admin,192.168.1.12,FAIL,unknown_user,1,1,45,medium,-0.02827287209866891,0
2025-11-21 19:43:11,bob,user,192.168.1.11,SUCCESS,ok,19,4,0,low,-0.17298091179169078,0
2025-11-18 04:27:11,charlie,user,203.0.113.10,SUCCESS,ok,4,1,0,low,-0.0867174802793309,0
2025-11-17 18:13:11,bob,user,10.0.0.5,SUCCESS,ok,18,0,0,low,-0.16033407215443196,0
2025-11-20 11:06:11,alice,user,10.0.0.6,SUCCESS,ok,11,3,0,low,-0.19407593469510948,0
2025-11-21 12:43:11,charlie,user,10.0.0.5,SUCCESS,ok,12,4,0,low,-0.19656099588041198,0
2025-11-20 15:35:11,charlie,user,10.0.0.6,SUCCESS,ok,15,3,0,low,-0.18470423452041673,0
2025-11-24 15:16:11,alice,user,192.168.1.12,SUCCESS,ok,15,0,0,low,-0.18470423452041673,0
2025-11-19 07:25:11,admin,admin,10.0.0.6,SUCCESS,ok,7,2,20,low,-0.13441809268261362,0
2025-11-17 06:10:11,alice,user,10.0.0.6,SUCCESS,ok,6,0,0,low,-0.19886593041608974,0
2025-11-16 22:42:11,alice,user,192.168.1.10,SUCCESS,ok,22,6,25,low,-0.19244854323655258,0
2025-11-20 19:25:11,admin,admin,10.0.0.5,FAIL,bad_password,19,3,20,low,-0.07744190320417732,0
2025-11-22 19:04:11,alice,user,192.168.1.12,SUCCESS,ok,19,5,0,low,-0.17298091179169078,0
2025-11-21 12:28:11,admin,admin,192.168.1.10,SUCCESS,ok,12,4,20,low,-0.1409960276123522,0
2025-11-23 01:48:11,alice,user,1.1.1.1,SUCCESS,ok,1,6,25,low,-0.10416895113479896,0
2025-11-19 06:31:11,alice,user,10.0.0.6,FAIL,bad_password,6,2,0,low,-0.055176373175472526,0
2025-11-23 03:06:11,alice,user,1.1.1.1,FAIL,bad_password,3,6,10,low,-0.01058131470288537,0
2025-11-22 00:07:11,bob,user,10.0.0.5,SUCCESS,ok,0,5,25,low,-0.20857248445186816,0
2025-11-21 03:53:11,charlie,user,192.168.1.11,SUCCESS,ok,3,4,0,low,-0.17726528538563163,0
2025-11-24 11:29:11,admin,admin,51.89.23.14,SUCCESS,ok,11,0,20,low,-0.057599982337697475,0
2025-11-24 19:16:11,alice,user,192.168.1.12,SUCCESS,ok,19,0,0,low,-0.17298091179169078,0
2025-11-23 12:29:11,admin,admin,10.0.0.6,SUCCESS,ok,12,6,20,low,-0.1409960276123522,0
2025-11-21 19:15:11,bob,user,10.0.0.5,SUCCESS,ok,19,4,0,low,-0.17298091179169078,0
2025-11-21 08:12:11,admin,admin,10.0.0.5,SUCCESS,ok,8,4,20,low,-0.1275921941519218,0
2025-11-18 06:12:11,bob,user,10.0.0.6,SUCCESS,ok,6,1,0,low,-0.19886593041608974,0
2025-11-17 00:50:11,alice,user,51.89.23.14,SUCCESS,ok,0,0,25,low,-0.11974452488864396,0
2025-11-24 15:44:11,bob,user,192.168.1.11,SUCCESS,ok,15,0,0,low,-0.18470423452041673,0
2025-11-24 16:20:11,bob,user,51.89.23.14,SUCCESS,ok,16,0,0,low,-0.0961221477231492,0
2025-11-21 16:26:11,charlie,user,10.0.0.5,SUCCESS,ok,16,4,0,low,-0.18145127272917383,0
2025-11-22 07:36:11,charlie,user,192.168.1.10,SUCCESS,ok,7,5,0,low,-0.1968515695316872,0
2025-11-17 03:52:11,bob,user,8.8.8.8,SUCCESS,ok,3,0,0,low,-0.07576818917480965,0
2025-11-21 19:36:11,charlie,user,192.168.1.11,SUCCESS,ok,19,4,0,low,-0.17298091179169078,0
2025-11-23 12:37:11,admin,admin,192.168.1.11,SUCCESS,ok,12,6,20,low,-0.1409960276123522,0
2025-11-20 11:58:11,alice,user,192.168.1.12,SUCCESS,ok,11,3,0,low,-0.19407593469510948,0
2025-11-22 16:54:11,alice,user,192.168.1.10,SUCCESS,ok,16,5,0,low,-0.18145127272917383,0
2025-11-19 12:29:11,bob,user,192.168.1.12,SUCCESS,ok,12,2,0,low,-0.19656099588041198,0
2025-11-21 10:18:11,charlie,user,192.168.1.12,SUCCESS,ok,10,4,0,low,-0.1699839366717691,0
2025-11-18 06:39:11,bob,user,10.0.0.5,SUCCESS,ok,6,1,0,low,-0.19886593041608974,0
2025-11-17 02:30:11,bob,user,192.168.1.12,SUCCESS,ok,2,0,0,low,-0.18047231705103794,0
2025-11-24 17:13:11,alice,user,192.168.1.11,FAIL,unknown_user,17,0,0,low,-0.053516190253254714,0
2025-11-22 12:25:11,bob,user,192.168.1.12,SUCCESS,ok,12,5,0,low,-0.19656099588041198,0
2025-11-22 15:47:11,bob,user,203.0.113.10,SUCCESS,ok,15,5,0,low,-0.09652279198296798,0
2025-11-18 01:28:11,admin,admin,192.168.1.10,SUCCESS,ok,1,1,45,medium,-0.10166881446659493,0
2025-11-23 00:13:11,charlie,user,192.168.1.10,SUCCESS,ok,0,6,25,low,-0.20857248445186816,0
2025-11-18 01:42:11,bob,user,10.0.0.6,SUCCESS,ok,1,1,25,low,-0.18110962984545836,0
2025-11-20 16:40:11,admin,admin,10.0.0.5,SUCCESS,ok,16,3,20,low,-0.11615906654951702,0
2025-11-21 12:20:11,admin,admin,192.168.1.10,SUCCESS,ok,12,4,20,low,-0.1409960276123522,0
2025-11-23 05:54:11,alice,user,10.0.0.5,SUCCESS,ok,5,6,0,low,-0.19728484892242687,0
2025-11-22 20:56:11,admin,admin,10.0.0.6,SUCCESS,ok,20,5,20,low,-0.150974535343963,0
2025-11-17 16:46:11,bob,user,10.0.0.5,SUCCESS,ok,16,0,0,low,-0.18145127272917383,0
2025-11-19 06:40:11,alice,user,192.168.1.12,SUCCESS,ok,6,2,0,low,-0.19886593041608974,0
2025-11-18 19:04:11,bob,user,192.168.1.11,SUCCESS,ok,19,1,0,low,-0.17298091179169078,0
2025-11-23 01:10:11,alice,user,10.0.0.5,SUCCESS,ok,1,6,25,low,-0.18110962984545836,0
2025-11-19 12:24:11,bob,user,10.0.0.6,SUCCESS,ok,12,2,0,low,-0.19656099588041198,0
2025-11-22 02:34:11,admin,admin,10.0.0.5,SUCCESS,ok,2,5,20,low,-0.16465188214662851,0
2025-11-23 00:26:11,charlie,user,192.168.1.12,SUCCESS,ok,0,6,25,low,-0.20857248445186816,0
2025-11-24 08:22:11,alice,user,192.168.1.12,SUCCESS,ok,8,0,0,low,-0.190829194159085,0
2025-11-21 07:03:11,alice,user,10.0.0.6,SUCCESS,ok,7,4,0,low,-0.1968515695316872,0
2025-11-20 03:17:11,alice,user,10.0.0.6,SUCCESS,ok,3,3,0,low,-0.17726528538563163,0
2025-11-20 02:25:11,charlie,user,10.0.0.5,SUCCESS,ok,2,3,0,low,-0.18047231705103794,0
2025-11-23 12:52:11,charlie,user,10.0.0.5,SUCCESS,ok,12,6,0,low,-0.19656099588041198,0
2025-11-20 15:53:11,charlie,user,192.168.1.10,SUCCESS,ok,15,3,0,low,-0.18470423452041673,0
2025-11-19 03:54:11,charlie,user,10.0.0.6,SUCCESS,ok,3,2,0,low,-0.17726528538563163,0
2025-11-23 00:53:11,bob,user,192.168.1.12,SUCCESS,ok,0,6,25,low,-0.20857248445186816,0
2025-11-17 12:19:11,charlie,user,192.168.1.12,SUCCESS,ok,12,0,0,low,-0.19656099588041198,0
2025-11-18 07:53:11,admin,admin,192.168.1.11,SUCCESS,ok,7,1,20,low,-0.13441809268261362,0
2025-11-23 03:51:11,charlie,user,192.168.1.11,SUCCESS,ok,3,6,0,low,-0.17726528538563163,0
2025-11-19 19:29:11,alice,user,51.89.23.14,SUCCESS,ok,19,2,0,low,-0.0870189466185487,0
2025-11-22 15:48:11,alice,user,10.0.0.6,SUCCESS,ok,15,5,0,low,-0.18470423452041673,0
2025-11-23 18:40:11,bob,user,192.168.1.11,FAIL,unknown_user,18,6,20,low,-0.0540047161551831,0
2025-11-21 18:39:11,admin,admin,10.0.0.5,SUCCESS,ok,18,4,20,low,-0.0967921906547139,0
2025-11-24 11:43:11,admin,admin,10.0.0.6,SUCCESS,ok,11,0,20,low,-0.13700950612399254,0
2025-11-20 21:02:11,charlie,user,192.168.1.10,SUCCESS,ok,21,3,25,low,-0.15594001907044708,0
2025-11-21 06:08:11,charlie,user,10.0.0.6,SUCCESS,ok,6,4,0,low,-0.19886593041608974,0
2025-11-24 19:17:11,admin,admin,10.0.0.5,SUCCESS,ok,19,0,20,low,-0.12720297125725155,0
2025-11-21 14:43:11,charlie,user,192.168.1.11,SUCCESS,ok,14,4,0,low,-0.20174898740751157,0
2025-11-22 22:10:11,admin,admin,51.89.23.14,SUCCESS,ok,22,5,45,medium,-0.03554927090057336,0
2025-11-16 22:31:11,bob,user,192.168.1.10,SUCCESS,ok,22,6,25,low,-0.19244854323655258,0
2025-11-18 11:16:11,alice,user,10.0.0.5,SUCCESS,ok,11,1,0,low,-0.19407593469510948,0
2025-11-22 07:07:11,admin,admin,203.0.113.10,SUCCESS,ok,7,5,20,low,-0.07234580147562542,0
2025-11-19 17:04:11,alice,user,51.89.23.14,SUCCESS,ok,17,2,0,low,-0.09561122365633623,0
2025-11-21 22:21:11,alice,user,192.168.1.11,SUCCESS,ok,22,4,25,low,-0.19244854323655258,0
2025-11-20 08:25:11,alice,user,51.89.23.14,SUCCESS,ok,8,3,0,low,-0.08935270331353007,0
2025-11-17 15:08:11,alice,user,192.168.1.11,SUCCESS,ok,15,0,0,low,-0.18470423452041673,0
2025-11-18 12:08:11,admin,admin,10.0.0.6,SUCCESS,ok,12,1,20,low,-0.1409960276123522,0
2025-11-21 17:26:11,alice,user,10.0.0.6,SUCCESS,ok,17,4,0,low,-0.17359379399333147,0
2025-11-17 07:00:11,admin,admin,192.168.1.10,SUCCESS,ok,7,0,20,low,-0.13441809268261362,0
2025-11-22 20:20:11,charlie,user,10.0.0.6,SUCCESS,ok,20,5,0,low,-0.1903998336914906,0
2025-11-23 21:57:11,alice,user,10.0.0.6,SUCCESS,ok,21,6,0,low,-0.15990570750197874,0
2025-11-18 09:24:11,admin,admin,192.168.1.12,FAIL,bad_password,9,1,20,low,-0.054061580691479705,0
2025-11-22 23:14:11,admin,admin,51.89.23.14,SUCCESS,ok,23,5,45,medium,-0.050852618407035255,0
2025-11-21 20:08:11,alice,user,192.168.1.11,SUCCESS,ok,20,4,0,low,-0.1903998336914906,0
2025-11-22 00:35:11,charlie,user,192.168.1.11,SUCCESS,ok,0,5,25,low,-0.20857248445186816,0
2025-11-22 02:50:11,admin,admin,192.168.1.10,SUCCESS,ok,2,5,20,low,-0.16465188214662851,0
2025-11-24 04:01:11,admin,admin,192.168.1.11,SUCCESS,ok,4,0,20,low,-0.13940584488127883,0
2025-11-23 01:23:11,alice,user,51.89.23.14,FAIL,bad_password,1,6,35,low,-0.03365718985860677,0
2025-11-19 14:36:11,admin,admin,192.168.1.12,SUCCESS,ok,14,2,20,low,-0.14121980788034416,0
2025-11-24 21:13:11,bob,user,192.168.1.11,SUCCESS,ok,21,0,25,low,-0.15594001907044708,0
2025-11-24 16:11:11,alice,user,203.0.113.10,SUCCESS,ok,16,0,0,low,-0.0961221477231492,0
2025-11-21 22:37:11,alice,user,192.168.1.11,FAIL,bad_password,22,4,25,low,-0.07554340744304211,0
2025-11-21 21:10:11,charlie,user,10.0.0.5,SUCCESS,ok,21,4,25,low,-0.15594001907044708,0
2025-11-17 03:21:11,admin,admin,10.0.0.5,FAIL,bad_password,3,0,20,low,-0.05930839003582511,0
2025-11-18 07:27:11,charlie,user,192.168.1.12,SUCCESS,ok,7,1,0,low,-0.1968515695316872,0
2025-11-22 18:50:11,bob,user,192.168.1.12,SUCCESS,ok,18,5,0,low,-0.16033407215443196,0
2025-11-24 05:32:11,admin,admin,203.0.113.10,SUCCESS,ok,5,0,20,low,-0.07626231899090763,0
2025-11-20 13:08:11,admin,admin,192.168.1.11,SUCCESS,ok,13,3,20,low,-0.15399858864627358,0
2025-11-22 12:54:11,charlie,user,192.168.1.12,SUCCESS,ok,12,5,0,low,-0.19656099588041198,0
2025-11-21 07:34:11,bob,user,10.0.0.6,SUCCESS,ok,7,4,0,low,-0.1968515695316872,0
2025-11-18 12:13:11,admin,admin,203.0.113.10,SUCCESS,ok,12,1,20,low,-0.06377710570278616,0
2025-11-24 21:31:11,alice,user,192.168.1.12,SUCCESS,ok,21,0,0,low,-0.15990570750197874,0
2025-11-24 04:53:11,alice,user,192.168.1.11,FAIL,unknown_user,4,0,0,low,-0.05859225901520693,0
2025-11-20 11:25:11,alice,user,192.168.1.11,SUCCESS,ok,11,3,0,low,-0.19407593469510948,0
2025-11-24 20:09:11,alice,user,10.0.0.5,SUCCESS,ok,20,0,0,low,-0.1903998336914906,0
2025-11-19 12:55:11,charlie,user,192.168.1.12,SUCCESS,ok,12,2,0,low,-0.19656099588041198,0
2025-11-19 03:11:11,admin,admin,198.51.100.3,SUCCESS,ok,3,2,20,low,-0.06266808329360196,0
2025-11-21 07:37:11,charlie,user,8.8.8.8,SUCCESS,ok,7,4,0,low,-0.10654305800138675,0
2025-11-22 09:19:11,alice,user,192.168.1.11,SUCCESS,ok,9,5,0,low,-0.18227415590770224,0
2025-11-23 20:26:11,admin,admin,192.168.1.11,SUCCESS,ok,20,6,20,low,-0.150974535343963,0
2025-11-24 15:56:11,admin,admin,8.8.8.8,FAIL,bad_password,15,0,30,low,-0.0203469391983091,0
2025-11-23 01:12:11,bob,user,192.168.1.12,SUCCESS,ok,1,6,25,low,-0.18110962984545836,0
2025-11-20 07:47:11,admin,admin,192.168.1.11,SUCCESS,ok,7,3,20,low,-0.13441809268261362,0
2025-11-21 12:00:11,admin,admin,192.168.1.12,SUCCESS,ok,12,4,20,low,-0.1409960276123522,0
2025-11-17 07:52:11,bob,user,51.89.23.14,SUCCESS,ok,7,0,0,low,-0.10654305800138675,0
2025-11-17 05:33:11,bob,user,192.168.1.11,SUCCESS,ok,5,0,0,low,-0.19728484892242687,0
2025-11-22 09:22:11,charlie,user,10.0.0.6,SUCCESS,ok,9,5,0,low,-0.18227415590770224,0
2025-11-24 19:42:11,bob,user,10.0.0.6,SUCCESS,ok,19,0,0,low,-0.17298091179169078,0
2025-11-18 06:53:11,charlie,user,10.0.0.5,SUCCESS,ok,6,1,0,low,-0.19886593041608974,0
2025-11-17 01:17:11,charlie,user,8.8.8.8,SUCCESS,ok,1,0,0,low,-0.06937348210764127,0
2025-11-18 16:27:11,admin,admin,10.0.0.5,FAIL,bad_password,16,1,20,low,-0.06042493824173334,0
2025-11-21 17:40:11,alice,user,192.168.1.12,SUCCESS,ok,17,4,0,low,-0.17359379399333147,0
2025-11-22 15:51:11,admin,admin,51.89.23.14,SUCCESS,ok,15,5,20,low,-0.05495230727325995,0
2025-11-19 15:45:11,alice,user,10.0.0.5,SUCCESS,ok,15,2,0,low,-0.18470423452041673,0
2025-11-18 07:47:11,alice,user,192.168.1.12,SUCCESS,ok,7,1,0,low,-0.1968515695316872,0
2025-11-23 22:49:11,admin,admin,10.0.0.6,SUCCESS,ok,22,6,45,medium,-0.10452001337216565,0
2025-11-23 16:30:11,admin,admin,192.168.1.11,FAIL,bad_password,16,6,20,low,-0.06042493824173334,0
2025-11-17 16:47:11,charlie,user,8.8.8.8,SUCCESS,ok,16,0,0,low,-0.0961221477231492,0
2025-11-22 03:58:11,admin,admin,192.168.1.11,SUCCESS,ok,3,5,20,low,-0.14449165139524578,0
2025-11-17 04:46:11,bob,user,192.168.1.11,SUCCESS,ok,4,0,0,low,-0.19062178946263747,0
2025-11-24 12:05:11,charlie,user,10.0.0.5,SUCCESS,ok,12,0,0,low,-0.19656099588041198,0
2025-11-23 14:57:11,admin,admin,10.0.0.5,SUCCESS,ok,14,6,20,low,-0.14121980788034416,0
2025-11-17 04:06:11,bob,user,10.0.0.6,SUCCESS,ok,4,0,0,low,-0.19062178946263747,0
2025-11-24 05:19:11,bob,user,192.168.1.11,SUCCESS,ok,5,0,0,low,-0.19728484892242687,0
2025-11-17 16:45:11,alice,user,10.0.0.5,SUCCESS,ok,16,0,0,low,-0.18145127272917383,0
2025-11-20 04:52:11,charlie,user,198.51.100.3,SUCCESS,ok,4,3,0,low,-0.0867174802793309,0
2025-11-17 13:08:11,charlie,user,10.0.0.5,FAIL,bad_password,13,0,0,low,-0.04555787097654029,0
2025-11-22 05:27:11,alice,user,10.0.0.5,SUCCESS,ok,5,5,0,low,-0.19728484892242687,0
2025-11-23 19:07:11,admin,admin,192.168.1.11,SUCCESS,ok,19,6,20,low,-0.12720297125725155,0
2025-11-21 05:55:11,charlie,user,10.0.0.5,SUCCESS,ok,5,4,0,low,-0.19728484892242687,0
2025-11-19 22:38:11,admin,admin,192.168.1.10,SUCCESS,ok,22,2,45,medium,-0.10452001337216565,0
2025-11-20 05:28:11,admin,admin,1.1.1.1,SUCCESS,ok,5,3,20,low,-0.07626231899090763,0
2025-11-23 23:10:11,admin,admin,198.51.100.3,SUCCESS,ok,23,6,45,medium,-0.050852618407035255,0
2025-11-21 12:30:11,bob,user,51.89.23.14,SUCCESS,ok,12,4,0,low,-0.09823843042310598,0
2025-11-18 21:09:11,alice,user,192.168.1.10,FAIL,unknown_user,21,1,0,low,-0.04748400333059366,0
2025-11-19 01:10:11,admin,admin,51.89.23.14,SUCCESS,ok,1,2,45,medium,-0.03626261928233021,0
2025-11-23 21:42:11,admin,admin,10.0.0.5,SUCCESS,ok,21,6,20,low,-0.1778049106009621,0
2025-11-19 02:17:11,charlie,user,192.168.1.10,SUCCESS,ok,2,2,0,low,-0.18047231705103794,0
2025-11-24 09:22:11,alice,user,192.168.1.12,SUCCESS,ok,9,0,0,low,-0.18227415590770224,0
2025-11-24 21:35:11,alice,user,51.89.23.14,SUCCESS,ok,21,0,0,low,-0.07309718816711486,0
2025-11-17 00:58:11,admin,admin,10.0.0.6,SUCCESS,ok,0,0,45,medium,-0.10184810617941686,0
2025-11-17 02:08:11,bob,user,198.51.100.3,SUCCESS,ok,2,0,0,low,-0.06960525500538584,0
2025-11-19 21:56:11,admin,admin,192.168.1.10,SUCCESS,ok,21,2,20,low,-0.1778049106009621,0
2025-11-23 08:55:11,charlie,user,192.168.1.11,SUCCESS,ok,8,6,0,low,-0.190829194159085,0
2025-11-17 18:39:11,charlie,user,192.168.1.12,SUCCESS,ok,18,0,0,low,-0.16033407215443196,0
2025-11-17 15:08:11,charlie,user,10.0.0.6,SUCCESS,ok,15,0,0,low,-0.18470423452041673,0
2025-11-21 23:08:11,admin,admin,192.168.1.11,SUCCESS,ok,23,4,45,medium,-0.13368125327708047,0
2025-11-20 16:10:11,charlie,user,10.0.0.5,SUCCESS,ok,16,3,0,low,-0.18145127272917383,0
2025-11-22 01:28:11,alice,user,10.0.0.6,SUCCESS,ok,1,5,25,low,-0.18110962984545836,0
2025-11-18 14:50:11,alice,user,192.168.1.11,SUCCESS,ok,14,1,0,low,-0.20174898740751157,0
2025-11-21 23:22:11,charlie,user,10.0.0.5,SUCCESS,ok,23,4,25,low,-0.210737719048044,0
2025-11-20 01:34:11,alice,user,192.168.1.12,SUCCESS,ok,1,3,25,low,-0.18110962984545836,0
2025-11-19 17:55:11,bob,user,10.0.0.5,SUCCESS,ok,17,2,0,low,-0.17359379399333147,0
2025-11-19 20:20:11,alice,user,192.168.1.10,SUCCESS,ok,20,2,0,low,-0.1903998336914906,0
2025-11-17 13:57:11,charlie,user,192.168.1.11,SUCCESS,ok,13,0,0,low,-0.19419957982571562,0
2025-11-17 05:22:11,admin,admin,10.0.0.5,SUCCESS,ok,5,0,20,low,-0.14136419955671842,0
2025-11-21 06:12:11,alice,user,8.8.8.8,SUCCESS,ok,6,4,0,low,-0.09258359815944128,0
2025-11-23 07:08:11,charlie,user,203.0.113.10,FAIL,bad_password,7,6,10,low,-0.0038542475082361527,0
2025-11-21 12:59:11,bob,user,1.1.1.1,SUCCESS,ok,12,4,0,low,-0.09823843042310598,0
2025-11-23 09:44:11,admin,admin,1.1.1.1,SUCCESS,ok,9,6,20,low,-0.05099321013965641,0
2025-11-19 20:01:11,admin,admin,192.168.1.10,SUCCESS,ok,20,2,20,low,-0.150974535343963,0
2025-11-20 20:26:11,charlie,user,192.168.1.11,SUCCESS,ok,20,3,0,low,-0.1903998336914906,0
2025-11-23 14:46:11,admin,admin,192.168.1.11,SUCCESS,ok,14,6,20,low,-0.14121980788034416,0
2025-11-17 01:25:11,bob,user,192.168.1.12,SUCCESS,ok,1,0,25,low,-0.18110962984545836,0
2025-11-18 18:43:11,bob,user,192.168.1.11,SUCCESS,ok,18,1,0,low,-0.16033407215443196,0
2025-11-17 00:27:11,charlie,user,10.0.0.6,SUCCESS,ok,0,0,25,low,-0.20857248445186816,0
2025-11-19 12:14:11,charlie,user,192.168.1.12,SUCCESS,ok,12,2,0,low,-0.19656099588041198,0
2025-11-17 02:36:11,alice,user,192.168.1.11,SUCCESS,ok,2,0,0,low,-0.18047231705103794,0
2025-11-19 01:38:11,bob,user,203.0.113.10,SUCCESS,ok,1,2,25,low,-0.10416895113479896,0
2025-11-23 12:45:11,alice,user,10.0.0.5,SUCCESS,ok,12,6,0,low,-0.19656099588041198,0
2025-11-21 23:04:11,charlie,user,192.168.1.11,SUCCESS,ok,23,4,25,low,-0.210737719048044,0
2025-11-24 07:51:11,admin,admin,192.168.1.10,SUCCESS,ok,7,0,20,low,-0.13441809268261362,0
2025-11-23 16:50:11,admin,admin,192.168.1.10,FAIL,bad_password,16,6,20,low,-0.06042493824173334,0
2025-11-22 09:32:11,admin,admin,10.0.0.6,SUCCESS,ok,9,5,20,low,-0.11803535557386646,0
2025-11-23 17:01:11,charlie,user,10.0.0.6,SUCCESS,ok,17,6,0,low,-0.17359379399333147,0
2025-11-23 20:19:11,admin,admin,192.168.1.10,SUCCESS,ok,20,6,20,low,-0.150974535343963,0
2025-11-23 17:15:11,alice,user,203.0.113.10,SUCCESS,ok,17,6,0,low,-0.09561122365633623,0
2025-11-19 04:54:11,charlie,user,198.51.100.3,SUCCESS,ok,4,2,0,low,-0.0867174802793309,0
2025-11-17 15:37:11,charlie,user,203.0.113.10,SUCCESS,ok,15,0,0,low,-0.09652279198296798,0
2025-11-23 15:48:11,charlie,user,10.0.0.5,SUCCESS,ok,15,6,0,low,-0.18470423452041673,0
2025-11-20 21:17:11,alice,user,192.168.1.12,SUCCESS,ok,21,3,0,low,-0.15990570750197874,0
2025-11-21 17:23:11,alice,user,192.168.1.12,SUCCESS,ok,17,4,0,low,-0.17359379399333147,0
2025-11-21 00:41:11,bob,user,10.0.0.6,SUCCESS,ok,0,4,25,low,-0.20857248445186816,0
2025-11-21 19:08:11,bob,user,192.168.1.10,SUCCESS,ok,19,4,0,low,-0.17298091179169078,0
2025-11-17 16:38:11,alice,user,192.168.1.11,SUCCESS,ok,16,0,0,low,-0.18145127272917383,0
2025-11-23 09:11:11,admin,admin,51.89.23.14,SUCCESS,ok,9,6,20,low,-0.05099321013965641,0
2025-11-21 18:02:11,admin,admin,192.168.1.11,SUCCESS,ok,18,4,20,low,-0.0967921906547139,0
2025-11-22 20:35:11,admin,admin,192.168.1.11,SUCCESS,ok,20,5,20,low,-0.150974535343963,0
2025-11-19 20:30:11,alice,user,192.168.1.11,SUCCESS,ok,20,2,0,low,-0.1903998336914906,0
2025-11-23 05:13:11,charlie,user,192.168.1.11,FAIL,unknown_user,5,6,0,low,-0.053581510130210064,0
2025-11-24 20:18:11,admin,admin,192.168.1.11,SUCCESS,ok,20,0,20,low,-0.150974535343963,0
2025-11-18 23:51:11,alice,user,10.0.0.5,SUCCESS,ok,23,1,25,low,-0.210737719048044,0
2025-11-22 21:53:11,admin,admin,192.168.1.10,SUCCESS,ok,21,5,20,low,-0.1778049106009621,0
2025-11-17 09:43:11,admin,admin,192.168.1.10,SUCCESS,ok,9,0,20,low,-0.11803535557386646,0
2025-11-17 14:06:11,charlie,user,192.168.1.10,SUCCESS,ok,14,0,0,low,-0.20174898740751157,0
2025-11-19 13:40:11,alice,user,192.168.1.10,SUCCESS,ok,13,2,0,low,-0.19419957982571562,0
2025-11-22 12:28:11,alice,user,8.8.8.8,SUCCESS,ok,12,5,0,low,-0.09823843042310598,0
2025-11-21 00:32:11,charlie,user,192.168.1.12,SUCCESS,ok,0,4,25,low,-0.20857248445186816,0
2025-11-22 06:55:11,admin,admin,10.0.0.5,SUCCESS,ok,6,5,20,low,-0.1250102776033043,0
2025-11-19 10:44:11,charlie,user,192.168.1.11,SUCCESS,ok,10,2,0,low,-0.1699839366717691,0
2025-11-21 08:25:11,bob,user,10.0.0.6,SUCCESS,ok,8,4,0,low,-0.190829194159085,0
2025-11-23 12:07:11,bob,user,1.1.1.1,SUCCESS,ok,12,6,0,low,-0.09823843042310598,0
2025-11-24 14:09:11,admin,admin,192.168.1.10,SUCCESS,ok,14,0,20,low,-0.14121980788034416,0
2025-11-21 04:09:11,bob,user,192.168.1.10,SUCCESS,ok,4,4,0,low,-0.19062178946263747,0
2025-11-17 14:42:11,admin,admin,198.51.100.3,FAIL,unknown_user,14,0,30,low,-0.022076662112848977,0
2025-11-24 17:17:11,admin,admin,192.168.1.11,SUCCESS,ok,17,0,20,low,-0.11366135371892117,0
2025-11-18 22:14:11,alice,user,1.1.1.1,SUCCESS,ok,22,1,25,low,-0.0940736364955218,0
2025-11-18 00:35:11,bob,user,1.1.1.1,SUCCESS,ok,0,1,25,low,-0.11974452488864396,0
2025-11-24 14:24:11,alice,user,192.168.1.11,SUCCESS,ok,14,0,0,low,-0.20174898740751157,0
2025-11-17 06:36:11,bob,user,10.0.0.6,SUCCESS,ok,6,0,0,low,-0.19886593041608974,0
2025-11-24 17:16:11,admin,admin,51.89.23.14,SUCCESS,ok,17,0,20,low,-0.06080458864539273,0
2025-11-23 01:26:11,bob,user,192.168.1.10,SUCCESS,ok,1,6,25,low,-0.18110962984545836,0
2025-11-21 20:59:11,admin,admin,192.168.1.10,SUCCESS,ok,20,4,20,low,-0.150974535343963,0
2025-11-22 03:59:11,bob,user,192.168.1.10,SUCCESS,ok,3,5,0,low,-0.17726528538563163,0
2025-11-24 10:36:11,admin,admin,192.168.1.10,SUCCESS,ok,10,0,20,low,-0.13877852532491242,0
2025-11-20 11:58:11,bob,user,192.168.1.12,SUCCESS,ok,11,3,0,low,-0.19407593469510948,0
2025-11-18 03:05:11,bob,user,192.168.1.12,SUCCESS,ok,3,1,0,low,-0.17726528538563163,0
2025-11-16 23:03:11,charlie,user,192.168.1.11,SUCCESS,ok,23,6,25,low,-0.210737719048044,0
2025-11-19 20:13:11,alice,user,192.168.1.10,SUCCESS,ok,20,2,0,low,-0.1903998336914906,0
2025-11-17 00:14:11,admin,admin,192.168.1.10,FAIL,bad_password,0,0,45,medium,-0.024800826631158568,0
2025-11-18 02:58:11,alice,user,192.168.1.11,SUCCESS,ok,2,1,0,low,-0.18047231705103794,0
2025-11-17 21:11:11,bob,user,192.168.1.11,FAIL,unknown_user,21,0,45,medium,-0.01838084996056133,0
2025-11-22 11:48:11,bob,user,192.168.1.11,SUCCESS,ok,11,5,0,low,-0.19407593469510948,0
2025-11-19 06:23:11,charlie,user,192.168.1.12,FAIL,unknown_user,6,2,0,low,-0.055176373175472526,0
2025-11-22 17:49:11,bob,user,192.168.1.10,SUCCESS,ok,17,5,0,low,-0.17359379399333147,0
2025-11-24 19:27:11,alice,user,10.0.0.5,SUCCESS,ok,19,0,0,low,-0.17298091179169078,0
2025-11-19 14:12:11,bob,user,192.168.1.10,FAIL,bad_password,14,2,20,low,-0.05850803022096229,0
2025-11-21 21:55:11,admin,admin,10.0.0.6,SUCCESS,ok,21,4,20,low,-0.1778049106009621,0
2025-11-19 14:48:11,admin,admin,1.1.1.1,FAIL,bad_password,14,2,30,low,-0.022076662112848977,0
2025-11-17 12:07:11,alice,user,10.0.0.6,SUCCESS,ok,12,0,0,low,-0.19656099588041198,0
2025-11-21 11:27:11,charlie,user,192.168.1.12,SUCCESS,ok,11,4,0,low,-0.19407593469510948,0
2025-11-20 20:40:11,bob,user,10.0.0.6,SUCCESS,ok,20,3,0,low,-0.1903998336914906,0
2025-11-19 22:15:11,bob,user,1.1.1.1,SUCCESS,ok,22,2,25,low,-0.0940736364955218,0
2025-11-17 17:10:11,alice,user,203.0.113.10,FAIL,unknown_user,17,0,10,low,-0.007727085715247495,0
2025-11-22 08:41:11,bob,user,192.168.1.12,FAIL,unknown_user,8,5,20,low,-0.046995901912474936,0
2025-11-23 07:52:11,bob,user,10.0.0.6,SUCCESS,ok,7,6,0,low,-0.1968515695316872,0
2025-11-23 16:19:11,admin,admin,192.168.1.10,FAIL,unknown_user,16,6,20,low,-0.06042493824173334,0
2025-11-18 02:03:11,charlie,user,192.168.1.10,SUCCESS,ok,2,1,0,low,-0.18047231705103794,0
2025-11-20 00:48:11,charlie,user,10.0.0.6,SUCCESS,ok,0,3,25,low,-0.20857248445186816,0
2025-11-21 09:01:11,charlie,user,51.89.23.14,SUCCESS,ok,9,4,0,low,-0.07907882377460507,0
2025-11-17 18:59:11,bob,user,198.51.100.3,SUCCESS,ok,18,0,0,low,-0.08048990874549322,0
2025-11-21 14:43:11,admin,admin,192.168.1.10,SUCCESS,ok,14,4,20,low,-0.14121980788034416,0
2025-11-22 06:31:11,bob,user,10.0.0.6,FAIL,unknown_user,6,5,20,low,-0.04870402778611804,0
2025-11-24 06:29:11,bob,user,192.168.1.11,SUCCESS,ok,6,0,0,low,-0.19886593041608974,0
2025-11-24 05:41:11,admin,admin,192.168.1.10,SUCCESS,ok,5,0,20,low,-0.14136419955671842,0
2025-11-22 11:54:11,alice,user,10.0.0.5,SUCCESS,ok,11,5,0,low,-0.19407593469510948,0
2025-11-23 01:32:11,charlie,user,192.168.1.12,SUCCESS,ok,1,6,0,low,-0.13038266067470616,0
2025-11-23 10:18:11,alice,user,192.168.1.12,SUCCESS,ok,10,6,0,low,-0.1699839366717691,0
2025-11-19 10:06:11,admin,admin,10.0.0.6,SUCCESS,ok,10,2,20,low,-0.13877852532491242,0
2025-11-17 00:18:11,charlie,user,1.1.1.1,SUCCESS,ok,0,0,25,low,-0.11974452488864396,0
2025-11-18 14:42:11,admin,admin,198.51.100.3,FAIL,bad_password,14,1,30,low,-0.022076662112848977,0
2025-11-21 09:28:11,alice,user,192.168.1.12,SUCCESS,ok,9,4,0,low,-0.18227415590770224,0
2025-11-23 09:33:11,bob,user,192.168.1.12,SUCCESS,ok,9,6,0,low,-0.18227415590770224,0
2025-11-19 20:51:11,bob,user,192.168.1.12,SUCCESS,ok,20,2,0,low,-0.1903998336914906,0
2025-11-17 20:02:11,bob,user,10.0.0.6,SUCCESS,ok,20,0,0,low,-0.1903998336914906,0
2025-11-21 00:43:11,alice,user,192.168.1.10,SUCCESS,ok,0,4,25,low,-0.20857248445186816,0
2025-11-22 15:05:11,admin,admin,10.0.0.5,FAIL,bad_password,15,5,20,low,-0.0577946520743472,0
2025-11-23 03:57:11,charlie,user,10.0.0.5,SUCCESS,ok,3,6,0,low,-0.17726528538563163,0
2025-11-21 02:18:11,alice,user,192.168.1.11,FAIL,bad_password,2,4,0,low,-0.04228995081453657,0
2025-11-19 01:26:11,charlie,user,192.168.1.12,FAIL,bad_password,1,2,0,low,-0.036146835315211345,0
2025-11-18 23:06:11,alice,user,192.168.1.12,SUCCESS,ok,23,1,25,low,-0.210737719048044,0
2025-11-24 13:26:11,alice,user,10.0.0.6,SUCCESS,ok,13,0,0,low,-0.19419957982571562,0
2025-11-20 13:55:11,alice,user,10.0.0.5,SUCCESS,ok,13,3,0,low,-0.19419957982571562,0
2025-11-20 21:58:11,bob,user,198.51.100.3,FAIL,bad_password,21,3,55,medium,0.035095089585038264,1
2025-11-20 19:34:11,charlie,user,10.0.0.5,SUCCESS,ok,19,3,0,low,-0.17298091179169078,0
2025-11-22 23:36:11,admin,admin,192.168.1.10,SUCCESS,ok,23,5,45,medium,-0.13368125327708047,0
2025-11-21 11:37:11,charlie,user,8.8.8.8,SUCCESS,ok,11,4,0,low,-0.0938885185346151,0
2025-11-22 03:48:11,admin,admin,192.168.1.12,SUCCESS,ok,3,5,20,low,-0.14449165139524578,0
2025-11-21 18:29:11,bob,user,10.0.0.5,SUCCESS,ok,18,4,0,low,-0.16033407215443196,0
2025-11-23 11:58:11,charlie,user,10.0.0.5,SUCCESS,ok,11,6,0,low,-0.19407593469510948,0
2025-11-20 09:54:11,bob,user,10.0.0.6,SUCCESS,ok,9,3,0,low,-0.18227415590770224,0
2025-11-18 04:41:11,bob,user,192.168.1.12,SUCCESS,ok,4,1,0,low,-0.19062178946263747,0
2025-11-19 00:31:11,charlie,user,10.0.0.6,SUCCESS,ok,0,2,25,low,-0.20857248445186816,0
2025-11-23 16:59:11,charlie,user,198.51.100.3,SUCCESS,ok,16,6,0,low,-0.0961221477231492,0
2025-11-23 10:54:11,alice,user,10.0.0.5,SUCCESS,ok,10,6,0,low,-0.1699839366717691,0
2025-11-22 12:08:11,alice,user,192.168.1.10,SUCCESS,ok,12,5,0,low,-0.19656099588041198,0
2025-11-20 12:38:11,alice,user,10.0.0.6,SUCCESS,ok,12,3,0,low,-0.19656099588041198,0
2025-11-18 23:24:11,bob,user,192.168.1.12,FAIL,bad_password,23,1,45,medium,-0.030355288316878393,0
2025-11-20 21:02:11,alice,user,192.168.1.12,SUCCESS,ok,21,3,0,low,-0.15990570750197874,0
2025-11-17 07:26:11,alice,user,192.168.1.12,SUCCESS,ok,7,0,0,low,-0.1968515695316872,0
2025-11-20 02:55:11,bob,user,198.51.100.3,SUCCESS,ok,2,3,0,low,-0.06960525500538584,0
2025-11-18 07:04:11,bob,user,192.168.1.10,SUCCESS,ok,7,1,0,low,-0.1968515695316872,0
2025-11-21 13:19:11,alice,user,10.0.0.5,SUCCESS,ok,13,4,0,low,-0.19419957982571562,0
2025-11-19 10:50:11,admin,admin,192.168.1.12,SUCCESS,ok,10,2,20,low,-0.13877852532491242,0
2025-11-19 16:22:11,charlie,user,10.0.0.5,SUCCESS,ok,16,2,0,low,-0.18145127272917383,0
2025-11-17 14:57:11,admin,admin,10.0.0.6,FAIL,unknown_user,14,0,20,low,-0.05850803022096229,0
2025-11-23 23:13:11,alice,user,10.0.0.5,SUCCESS,ok,23,6,25,low,-0.210737719048044,0
2025-11-18 05:18:11,charlie,user,192.168.1.12,SUCCESS,ok,5,1,0,low,-0.19728484892242687,0
2025-11-17 09:47:11,bob,user,10.0.0.5,SUCCESS,ok,9,0,0,low,-0.18227415590770224,0
2025-11-18 07:27:11,admin,admin,10.0.0.5,SUCCESS,ok,7,1,20,low,-0.13441809268261362,0
2025-11-21 09:27:11,bob,user,192.168.1.12,SUCCESS,ok,9,4,0,low,-0.18227415590770224,0
2025-11-21 08:06:11,bob,user,10.0.0.6,SUCCESS,ok,8,4,0,low,-0.190829194159085,0
2025-11-21 06:10:11,alice,user,192.168.1.11,SUCCESS,ok,6,4,0,low,-0.19886593041608974,0
2025-11-23 02:04:11,admin,admin,192.168.1.12,SUCCESS,ok,2,6,20,low,-0.16465188214662851,0
2025-11-21 15:03:11,bob,user,203.0.113.10,SUCCESS,ok,15,4,0,low,-0.09652279198296798,0
2025-11-22 11:52:11,bob,user,10.0.0.6,SUCCESS,ok,11,5,0,low,-0.19407593469510948,0
2025-11-19 14:04:11,alice,user,10.0.0.5,SUCCESS,ok,14,2,0,low,-0.20174898740751157,0
2025-11-18 11:16:11,bob,user,1.1.1.1,SUCCESS,ok,11,1,0,low,-0.0938885185346151,0
2025-11-18 16:16:11,charlie,user,51.89.23.14,FAIL,unknown_user,16,1,10,low,-0.003684257751436104,0
2025-11-19 13:16:11,bob,user,192.168.1.11,SUCCESS,ok,13,2,0,low,-0.19419957982571562,0
2025-11-17 20:33:11,alice,user,192.168.1.12,SUCCESS,ok,20,0,0,low,-0.1903998336914906,0
2025-11-20 03:18:11,alice,user,10.0.0.5,SUCCESS,ok,3,3,0,low,-0.17726528538563163,0
2025-11-20 02:30:11,alice,user,10.0.0.5,SUCCESS,ok,2,3,0,low,-0.18047231705103794,0
2025-11-22 10:05:11,bob,user,192.168.1.12,SUCCESS,ok,10,5,0,low,-0.1699839366717691,0
2025-11-24 02:29:11,bob,user,10.0.0.6,SUCCESS,ok,2,0,0,low,-0.18047231705103794,0
2025-11-19 10:05:11,bob,user,10.0.0.6,SUCCESS,ok,10,2,0,low,-0.1699839366717691,0
2025-11-21 11:44:11,alice,user,10.0.0.6,SUCCESS,ok,11,4,0,low,-0.19407593469510948,0
2025-11-23 01:22:11,admin,admin,10.0.0.5,SUCCESS,ok,1,6,45,medium,-0.10166881446659493,0
2025-11-22 01:44:11,charlie,user,192.168.1.10,SUCCESS,ok,1,5,0,low,-0.13038266067470616,0
2025-11-19 04:42:11,bob,user,192.168.1.11,SUCCESS,ok,4,2,0,low,-0.19062178946263747,0
2025-11-19 03:50:11,bob,user,192.168.1.11,SUCCESS,ok,3,2,0,low,-0.17726528538563163,0
2025-11-19 07:23:11,bob,user,51.89.23.14,SUCCESS,ok,7,2,0,low,-0.10654305800138675,0
2025-11-23 01:51:11,bob,user,10.0.0.5,SUCCESS,ok,1,6,25,low,-0.18110962984545836,0
2025-11-17 06:55:11,bob,user,192.168.1.12,SUCCESS,ok,6,0,0,low,-0.19886593041608974,0
2025-11-18 04:34:11,charlie,user,10.0.0.5,SUCCESS,ok,4,1,0,low,-0.19062178946263747,0
2025-11-23 21:08:11,admin,admin,10.0.0.5,SUCCESS,ok,21,6,20,low,-0.1778049106009621,0
2025-11-24 11:49:11,alice,user,192.168.1.10,FAIL,bad_password,11,0,0,low,-0.04863960804331369,0
2025-11-18 01:01:11,admin,admin,192.168.1.11,SUCCESS,ok,1,1,45,medium,-0.10166881446659493,0
2025-11-21 12:01:11,admin,admin,192.168.1.11,SUCCESS,ok,12,4,20,low,-0.1409960276123522,0
2025-11-19 16:57:11,alice,user,10.0.0.6,SUCCESS,ok,16,2,0,low,-0.18145127272917383,0
2025-11-23 07:56:11,alice,user,10.0.0.5,SUCCESS,ok,7,6,0,low,-0.1968515695316872,0
2025-11-20 20:49:11,bob,user,1.1.1.1,SUCCESS,ok,20,3,0,low,-0.08424273576126862,0
2025-11-23 04:12:11,admin,admin,192.168.1.12,FAIL,bad_password,4,6,20,low,-0.06129655661246847,0
2025-11-24 12:33:11,bob,user,10.0.0.6,SUCCESS,ok,12,0,0,low,-0.19656099588041198,0
2025-11-17 14:05:11,bob,user,10.0.0.6,FAIL,bad_password,14,0,20,low,-0.05850803022096229,0
2025-11-23 19:09:11,admin,admin,10.0.0.6,SUCCESS,ok,19,6,20,low,-0.12720297125725155,0
2025-11-19 05:15:11,admin,admin,192.168.1.11,SUCCESS,ok,5,2,20,low,-0.14136419955671842,0
2025-11-23 19:45:11,charlie,user,203.0.113.10,SUCCESS,ok,19,6,0,low,-0.0870189466185487,0
2025-11-23 20:23:11,admin,admin,192.168.1.10,FAIL,bad_password,20,6,20,low,-0.0803417527400716,0
2025-11-22 23:00:11,bob,user,192.168.1.11,SUCCESS,ok,23,5,25,low,-0.210737719048044,0
2025-11-20 21:08:11,alice,user,192.168.1.12,SUCCESS,ok,21,3,0,low,-0.15990570750197874,0
2025-11-20 09:40:11,alice,user,192.168.1.12,SUCCESS,ok,9,3,0,low,-0.18227415590770224,0
2025-11-18 23:27:11,admin,admin,192.168.1.12,SUCCESS,ok,23,1,45,medium,-0.13368125327708047,0
2025-11-23 23:01:11,bob,user,192.168.1.10,SUCCESS,ok,23,6,25,low,-0.210737719048044,0
2025-11-22 14:17:11,alice,user,192.168.1.11,SUCCESS,ok,14,5,0,low,-0.20174898740751157,0
2025-11-16 22:17:11,bob,user,10.0.0.5,SUCCESS,ok,22,6,25,low,-0.19244854323655258,0
2025-11-19 07:23:11,alice,user,192.168.1.10,SUCCESS,ok,7,2,0,low,-0.1968515695316872,0
2025-11-20 05:21:11,charlie,user,192.168.1.11,SUCCESS,ok,5,3,0,low,-0.19728484892242687,0
2025-11-18 13:51:11,bob,user,1.1.1.1,SUCCESS,ok,13,1,0,low,-0.10247668451811143,0
2025-11-20 19:17:11,bob,user,192.168.1.10,SUCCESS,ok,19,3,0,low,-0.17298091179169078,0
2025-11-19 23:49:11,alice,user,192.168.1.10,SUCCESS,ok,23,2,25,low,-0.210737719048044,0
2025-11-21 06:44:11,charlie,user,192.168.1.10,SUCCESS,ok,6,4,0,low,-0.19886593041608974,0
2025-11-19 10:06:11,alice,user,10.0.0.6,SUCCESS,ok,10,2,0,low,-0.1699839366717691,0
2025-11-16 23:46:11,charlie,user,8.8.8.8,SUCCESS,ok,23,6,25,low,-0.11177132980792537,0
2025-11-19 00:50:11,bob,user,10.0.0.5,SUCCESS,ok,0,2,25,low,-0.20857248445186816,0
2025-11-21 08:56:11,admin,admin,192.168.1.11,SUCCESS,ok,8,4,20,low,-0.1275921941519218,0
2025-11-22 07:40:11,charlie,user,192.168.1.11,SUCCESS,ok,7,5,0,low,-0.1968515695316872,0
2025-11-18 05:57:11,charlie,user,10.0.0.5,SUCCESS,ok,5,1,0,low,-0.19728484892242687,0
2025-11-18 12:14:11,alice,user,10.0.0.5,SUCCESS,ok,12,1,0,low,-0.19656099588041198,0
2025-11-22 16:52:11,bob,user,192.168.1.11,SUCCESS,ok,16,5,0,low,-0.18145127272917383,0
2025-11-19 01:18:11,charlie,user,192.168.1.11,SUCCESS,ok,1,2,0,low,-0.13038266067470616,0
2025-11-18 09:53:11,admin,admin,192.168.1.11,SUCCESS,ok,9,1,20,low,-0.11803535557386646,0
2025-11-24 08:32:11,alice,user,192.168.1.12,SUCCESS,ok,8,0,0,low,-0.190829194159085,0
2025-11-21 08:04:11,bob,user,192.168.1.10,SUCCESS,ok,8,4,0,low,-0.190829194159085,0
2025-11-23 02:37:11,charlie,user,192.168.1.11,FAIL,bad_password,2,6,0,low,-0.04228995081453657,0
2025-11-23 18:52:11,alice,user,203.0.113.10,SUCCESS,ok,18,6,0,low,-0.08048990874549322,0
2025-11-18 09:47:11,alice,user,192.168.1.10,SUCCESS,ok,9,1,0,low,-0.18227415590770224,0
2025-11-24 04:47:11,bob,user,198.51.100.3,SUCCESS,ok,4,0,0,low,-0.0867174802793309,0
2025-11-23 05:17:11,charlie,user,192.168.1.10,SUCCESS,ok,5,6,0,low,-0.19728484892242687,0
2025-11-24 16:51:11,charlie,user,192.168.1.12,SUCCESS,ok,16,0,0,low,-0.18145127272917383,0
2025-11-22 17:22:11,alice,user,192.168.1.11,SUCCESS,ok,17,5,0,low,-0.17359379399333147,0
2025-11-20 14:01:11,alice,user,10.0.0.5,SUCCESS,ok,14,3,0,low,-0.20174898740751157,0
2025-11-21 05:44:11,charlie,user,192.168.1.12,SUCCESS,ok,5,4,0,low,-0.19728484892242687,0
2025-11-21 12:45:11,charlie,user,192.168.1.11,SUCCESS,ok,12,4,0,low,-0.19656099588041198,0
2025-11-22 14:05:11,admin,admin,192.168.1.11,SUCCESS,ok,14,5,20,low,-0.14121980788034416,0
2025-11-23 00:29:11,alice,user,8.8.8.8,SUCCESS,ok,0,6,25,low,-0.11974452488864396,0
2025-11-17 09:33:11,admin,admin,10.0.0.5,SUCCESS,ok,9,0,20,low,-0.11803535557386646,0
2025-11-21 23:02:11,charlie,user,51.89.23.14,SUCCESS,ok,23,4,25,low,-0.11177132980792537,0
2025-11-23 05:30:11,alice,user,192.168.1.10,SUCCESS,ok,5,6,0,low,-0.19728484892242687,0
2025-11-18 11:12:11,bob,user,10.0.0.5,SUCCESS,ok,11,1,0,low,-0.19407593469510948,0
2025-11-22 19:15:11,charlie,user,10.0.0.6,SUCCESS,ok,19,5,0,low,-0.17298091179169078,0
2025-11-19 12:24:11,charlie,user,192.168.1.10,SUCCESS,ok,12,2,0,low,-0.19656099588041198,0
2025-11-19 01:08:11,alice,user,198.51.100.3,SUCCESS,ok,1,2,25,low,-0.10416895113479896,0
2025-11-18 12:09:11,charlie,user,10.0.0.5,SUCCESS,ok,12,1,0,low,-0.19656099588041198,0
2025-11-20 02:32:11,admin,admin,192.168.1.12,SUCCESS,ok,2,3,20,low,-0.16465188214662851,0
2025-11-19 08:55:11,alice,user,192.168.1.11,SUCCESS,ok,8,2,0,low,-0.190829194159085,0
2025-11-18 23:29:11,charlie,user,198.51.100.3,SUCCESS,ok,23,1,25,low,-0.11177132980792537,0
2025-11-19 05:21:11,admin,admin,10.0.0.5,SUCCESS,ok,5,2,20,low,-0.14136419955671842,0
2025-11-18 11:14:11,bob,user,198.51.100.3,SUCCESS,ok,11,1,0,low,-0.0938885185346151,0
2025-11-22 10:57:11,admin,admin,10.0.0.6,SUCCESS,ok,10,5,20,low,-0.13877852532491242,0
2025-11-23 15:17:11,bob,user,192.168.1.11,SUCCESS,ok,15,6,0,low,-0.18470423452041673,0
2025-11-21 08:30:11,charlie,user,192.168.1.10,SUCCESS,ok,8,4,0,low,-0.190829194159085,0
2025-11-23 04:23:11,alice,user,192.168.1.11,SUCCESS,ok,4,6,0,low,-0.19062178946263747,0
2025-11-20 13:59:11,charlie,user,192.168.1.11,FAIL,bad_password,13,3,0,low,-0.04555787097654029,0
2025-11-23 16:14:11,admin,admin,10.0.0.6,SUCCESS,ok,16,6,20,low,-0.11615906654951702,0
2025-11-24 21:13:11,alice,user,1.1.1.1,SUCCESS,ok,21,0,0,low,-0.07309718816711486,0
2025-11-16 22:33:11,alice,user,10.0.0.6,SUCCESS,ok,22,6,25,low,-0.19244854323655258,0
2025-11-19 18:29:11,bob,user,10.0.0.6,SUCCESS,ok,18,2,0,low,-0.16033407215443196,0
2025-11-23 12:46:11,bob,user,1.1.1.1,SUCCESS,ok,12,6,0,low,-0.09823843042310598,0
2025-11-18 21:42:11,alice,user,192.168.1.10,SUCCESS,ok,21,1,0,low,-0.15990570750197874,0
2025-11-22 11:45:11,alice,user,192.168.1.11,SUCCESS,ok,11,5,0,low,-0.19407593469510948,0
2025-11-20 15:05:11,bob,user,192.168.1.12,SUCCESS,ok,15,3,0,low,-0.18470423452041673,0
2025-11-18 02:41:11,bob,user,192.168.1.12,FAIL,bad_password,2,1,20,low,-0.061050402129812276,0
2025-11-19 10:22:11,charlie,user,10.0.0.5,SUCCESS,ok,10,2,0,low,-0.1699839366717691,0
2025-11-23 12:41:11,alice,user,192.168.1.10,FAIL,unknown_user,12,6,0,low,-0.05746626402147692,0
2025-11-21 00:32:11,bob,user,192.168.1.10,SUCCESS,ok,0,4,25,low,-0.20857248445186816,0
2025-11-20 13:03:11,admin,admin,10.0.0.5,SUCCESS,ok,13,3,20,low,-0.15399858864627358,0
2025-11-22 21:10:11,admin,admin,192.168.1.11,FAIL,bad_password,21,5,20,low,-0.07622942638952823,0
2025-11-22 23:22:11,alice,user,192.168.1.10,SUCCESS,ok,23,5,25,low,-0.210737719048044,0
2025-11-18 16:52:11,admin,admin,10.0.0.6,SUCCESS,ok,16,1,20,low,-0.11615906654951702,0
2025-11-24 17:28:11,alice,user,192.168.1.10,SUCCESS,ok,17,0,0,low,-0.17359379399333147,0
2025-11-18 14:10:11,alice,user,192.168.1.11,SUCCESS,ok,14,1,0,low,-0.20174898740751157,0
2025-11-24 10:22:11,admin,admin,51.89.23.14,SUCCESS,ok,10,0,20,low,-0.04914453245946415,0
2025-11-22 13:01:11,alice,user,192.168.1.10,SUCCESS,ok,13,5,0,low,-0.19419957982571562,0
2025-11-19 06:29:11,charlie,user,10.0.0.5,SUCCESS,ok,6,2,0,low,-0.19886593041608974,0
2025-11-18 18:28:11,alice,user,1.1.1.1,SUCCESS,ok,18,1,0,low,-0.08048990874549322,0
2025-11-18 16:52:11,alice,user,192.168.1.12,SUCCESS,ok,16,1,0,low,-0.18145127272917383,0
2025-11-20 05:14:11,admin,admin,192.168.1.11,FAIL,bad_password,5,3,20,low,-0.056985538867247665,0
2025-11-18 01:48:11,bob,user,10.0.0.6,SUCCESS,ok,1,1,25,low,-0.18110962984545836,0
2025-11-24 04:50:11,admin,admin,198.51.100.3,SUCCESS,ok,4,0,20,low,-0.0670288828085236,0
2025-11-17 07:35:11,alice,user,192.168.1.12,SUCCESS,ok,7,0,0,low,-0.1968515695316872,0
2025-11-19 06:26:11,charlie,user,192.168.1.11,FAIL,bad_password,6,2,0,low,-0.055176373175472526,0
2025-11-22 01:43:11,alice,user,192.168.1.10,SUCCESS,ok,1,5,25,low,-0.18110962984545836,0
2025-11-18 09:03:11,charlie,user,8.8.8.8,SUCCESS,ok,9,1,0,low,-0.07907882377460507,0
2025-11-22 10:53:11,alice,user,1.1.1.1,SUCCESS,ok,10,5,0,low,-0.07176027591229472,0
2025-11-17 04:19:11,bob,user,192.168.1.10,SUCCESS,ok,4,0,0,low,-0.19062178946263747,0
2025-11-21 12:44:11,bob,user,192.168.1.12,SUCCESS,ok,12,4,0,low,-0.19656099588041198,0
2025-11-19 06:48:11,admin,admin,10.0.0.5,FAIL,bad_password,6,2,20,low,-0.04870402778611804,0
2025-11-18 22:12:11,charlie,user,192.168.1.11,SUCCESS,ok,22,1,25,low,-0.19244854323655258,0
2025-11-20 01:13:11,alice,user,8.8.8.8,SUCCESS,ok,1,3,25,low,-0.10416895113479896,0
2025-11-24 10:38:11,admin,admin,10.0.0.6,SUCCESS,ok,10,0,20,low,-0.13877852532491242,0
2025-11-17 23:07:11,admin,admin,192.168.1.12,SUCCESS,ok,23,0,45,medium,-0.13368125327708047,0
2025-11-19 01:02:11,charlie,user,1.1.1.1,SUCCESS,ok,1,2,0,low,-0.06937348210764127,0
2025-11-16 23:51:11,admin,admin,192.168.1.10,SUCCESS,ok,23,6,45,medium,-0.13368125327708047,0
2025-11-20 03:35:11,alice,user,8.8.8.8,SUCCESS,ok,3,3,0,low,-0.07576818917480965,0
2025-11-18 21:04:11,alice,user,10.0.0.5,SUCCESS,ok,21,1,0,low,-0.15990570750197874,0
2025-11-20 05:01:11,charlie,user,203.0.113.10,SUCCESS,ok,5,3,0,low,-0.09993236852034149,0
2025-11-19 20:11:11,charlie,user,51.89.23.14,SUCCESS,ok,20,2,0,low,-0.08424273576126862,0
2025-11-24 17:44:11,charlie,user,192.168.1.10,FAIL,bad_password,17,0,0,low,-0.053516190253254714,0
2025-11-22 15:13:11,admin,admin,10.0.0.6,FAIL,bad_password,15,5,20,low,-0.0577946520743472,0
2025-11-18 14:41:11,charlie,user,192.168.1.10,FAIL,unknown_user,14,1,0,low,-0.05877148948008504,0
2025-11-17 04:29:11,bob,user,192.168.1.12,SUCCESS,ok,4,0,0,low,-0.19062178946263747,0
2025-11-21 15:53:11,alice,user,10.0.0.6,FAIL,bad_password,15,4,0,low,-0.06459892114324539,0
2025-11-17 22:47:11,charlie,user,1.1.1.1,SUCCESS,ok,22,0,25,low,-0.0940736364955218,0
2025-11-20 12:16:11,charlie,user,192.168.1.10,FAIL,bad_password,12,3,0,low,-0.05746626402147692,0
2025-11-22 21:37:11,alice,user,192.168.1.12,SUCCESS,ok,21,5,0,low,-0.15990570750197874,0
2025-11-24 01:42:11,charlie,user,192.168.1.10,SUCCESS,ok,1,0,0,low,-0.13038266067470616,0
2025-11-20 05:06:11,bob,user,192.168.1.10,SUCCESS,ok,5,3,0,low,-0.19728484892242687,0
2025-11-20 05:41:11,admin,admin,192.168.1.10,SUCCESS,ok,5,3,20,low,-0.14136419955671842,0
2025-11-23 06:41:11,alice,user,192.168.1.10,SUCCESS,ok,6,6,0,low,-0.19886593041608974,0
2025-11-17 15:21:11,admin,admin,10.0.0.6,SUCCESS,ok,15,0,20,low,-0.1158547292453479,0
2025-11-19 20:21:11,bob,user,192.168.1.11,SUCCESS,ok,20,2,0,low,-0.1903998336914906,0
2025-11-20 20:47:11,bob,user,192.168.1.11,SUCCESS,ok,20,3,0,low,-0.1903998336914906,0
2025-11-23 00:24:11,admin,admin,10.0.0.6,SUCCESS,ok,0,6,45,medium,-0.10184810617941686,0
2025-11-18 11:20:11,alice,user,10.0.0.5,FAIL,unknown_user,11,1,0,low,-0.04863960804331369,0
2025-11-20 22:40:11,bob,user,192.168.1.10,FAIL,bad_password,22,3,45,medium,-0.030596375732419356,0
2025-11-19 04:47:11,alice,user,192.168.1.10,FAIL,bad_password,4,2,0,low,-0.05859225901520693,0
2025-11-21 00:16:11,alice,user,192.168.1.12,SUCCESS,ok,0,4,25,low,-0.20857248445186816,0
2025-11-19 05:34:11,bob,user,10.0.0.6,SUCCESS,ok,5,2,0,low,-0.19728484892242687,0
2025-11-24 14:36:11,bob,user,192.168.1.12,SUCCESS,ok,14,0,0,low,-0.20174898740751157,0
2025-11-17 00:57:11,charlie,user,192.168.1.12,SUCCESS,ok,0,0,25,low,-0.20857248445186816,0
2025-11-17 14:10:11,admin,admin,192.168.1.12,SUCCESS,ok,14,0,20,low,-0.14121980788034416,0
2025-11-22 13:06:11,bob,user,192.168.1.12,SUCCESS,ok,13,5,0,low,-0.19419957982571562,0
2025-11-18 14:29:11,charlie,user,1.1.1.1,SUCCESS,ok,14,1,0,low,-0.09463276070233784,0
2025-11-22 23:01:11,admin,admin,192.168.1.11,SUCCESS,ok,23,5,45,medium,-0.13368125327708047,0
2025-11-22 22:45:11,admin,admin,192.168.1.12,FAIL,unknown_user,22,5,45,medium,-0.030596375732419356,0
2025-11-24 08:48:11,bob,user,51.89.23.14,SUCCESS,ok,8,0,0,low,-0.08935270331353007,0
2025-11-18 19:38:11,alice,user,10.0.0.5,SUCCESS,ok,19,1,0,low,-0.17298091179169078,0
2025-11-18 12:43:11,charlie,user,192.168.1.11,SUCCESS,ok,12,1,0,low,-0.19656099588041198,0
2025-11-23 08:15:11,bob,user,203.0.113.10,SUCCESS,ok,8,6,0,low,-0.08935270331353007,0
2025-11-20 21:09:11,admin,admin,10.0.0.6,SUCCESS,ok,21,3,20,low,-0.1778049106009621,0
2025-11-17 00:12:11,bob,user,1.1.1.1,SUCCESS,ok,0,0,25,low,-0.11974452488864396,0
2025-11-20 19:14:11,alice,user,192.168.1.12,SUCCESS,ok,19,3,0,low,-0.17298091179169078,0
2025-11-24 18:32:11,admin,admin,10.0.0.5,SUCCESS,ok,18,0,20,low,-0.0967921906547139,0
2025-11-21 11:55:11,bob,user,192.168.1.11,SUCCESS,ok,11,4,0,low,-0.19407593469510948,0
2025-11-19 21:25:11,charlie,user,192.168.1.12,SUCCESS,ok,21,2,25,low,-0.15594001907044708,0
2025-11-22 21:02:11,admin,admin,192.168.1.12,SUCCESS,ok,21,5,20,low,-0.1778049106009621,0
2025-11-22 15:02:11,alice,user,51.89.23.14,SUCCESS,ok,15,5,0,low,-0.09652279198296798,0
2025-11-17 14:55:11,charlie,user,192.168.1.11,SUCCESS,ok,14,0,0,low,-0.20174898740751157,0
2025-11-19 12:43:11,alice,user,10.0.0.6,SUCCESS,ok,12,2,0,low,-0.19656099588041198,0
2025-11-24 07:09:11,admin,admin,10.0.0.5,FAIL,bad_password,7,0,20,low,-0.04309674069863545,0
2025-11-20 09:08:11,charlie,user,10.0.0.6,FAIL,unknown_user,9,3,0,low,-0.05724616888413547,0
2025-11-18 14:18:11,admin,admin,10.0.0.6,FAIL,unknown_user,14,1,20,low,-0.05850803022096229,0
2025-11-24 08:41:11,admin,admin,10.0.0.5,SUCCESS,ok,8,0,20,low,-0.1275921941519218,0
2025-11-17 10:54:11,admin,admin,192.168.1.12,SUCCESS,ok,10,0,20,low,-0.13877852532491242,0
2025-11-18 04:12:11,alice,user,192.168.1.10,SUCCESS,ok,4,1,0,low,-0.19062178946263747,0
2025-11-24 07:31:11,charlie,user,192.168.1.11,SUCCESS,ok,7,0,0,low,-0.1968515695316872,0
2025-11-20 09:12:11,charlie,user,192.168.1.11,SUCCESS,ok,9,3,0,low,-0.18227415590770224,0
2025-11-19 16:40:11,admin,admin,192.168.1.10,SUCCESS,ok,16,2,20,low,-0.11615906654951702,0
2025-11-21 08:41:11,alice,user,10.0.0.6,SUCCESS,ok,8,4,0,low,-0.190829194159085,0
2025-11-18 06:37:11,bob,user,192.168.1.12,SUCCESS,ok,6,1,0,low,-0.19886593041608974,0
2025-11-23 15:54:11,admin,admin,1.1.1.1,FAIL,bad_password,15,6,30,low,-0.0203469391983091,0
2025-11-22 03:33:11,admin,admin,10.0.0.5,FAIL,bad_password,3,5,20,low,-0.05930839003582511,0
2025-11-19 01:29:11,alice,user,10.0.0.6,SUCCESS,ok,1,2,25,low,-0.18110962984545836,0
2025-11-18 00:53:11,bob,user,192.168.1.11,FAIL,bad_password,0,1,45,medium,-0.024800826631158568,0
2025-11-23 07:41:11,charlie,user,51.89.23.14,SUCCESS,ok,7,6,0,low,-0.10654305800138675,0
2025-11-17 07:56:11,charlie,user,192.168.1.10,SUCCESS,ok,7,0,0,low,-0.1968515695316872,0
2025-11-20 11:03:11,alice,user,192.168.1.11,SUCCESS,ok,11,3,0,low,-0.19407593469510948,0
2025-11-19 21:51:11,bob,user,192.168.1.12,SUCCESS,ok,21,2,25,low,-0.15594001907044708,0
2025-11-19 07:40:11,admin,admin,203.0.113.10,SUCCESS,ok,7,2,20,low,-0.07234580147562542,0
2025-11-24 02:16:11,alice,user,10.0.0.5,SUCCESS,ok,2,0,0,low,-0.18047231705103794,0
2025-11-22 13:22:11,bob,user,192.168.1.12,SUCCESS,ok,13,5,0,low,-0.19419957982571562,0
2025-11-24 05:28:11,charlie,user,203.0.113.10,FAIL,bad_password,5,0,10,low,-0.011076675962687244,0
2025-11-19 11:14:11,bob,user,10.0.0.5,SUCCESS,ok,11,2,0,low,-0.19407593469510948,0
2025-11-21 04:27:11,admin,admin,192.168.1.10,SUCCESS,ok,4,4,20,low,-0.13940584488127883,0
2025-11-21 02:09:11,admin,admin,10.0.0.6,SUCCESS,ok,2,4,20,low,-0.16465188214662851,0
2025-11-21 23:47:11,bob,user,192.168.1.11,SUCCESS,ok,23,4,25,low,-0.210737719048044,0
2025-11-21 15:05:11,bob,user,10.0.0.5,SUCCESS,ok,15,4,0,low,-0.18470423452041673,0
2025-11-19 19:52:11,charlie,user,192.168.1.12,SUCCESS,ok,19,2,0,low,-0.17298091179169078,0
2025-11-17 02:21:11,bob,user,192.168.1.11,SUCCESS,ok,2,0,0,low,-0.18047231705103794,0
2025-11-17 08:09:11,alice,user,192.168.1.11,SUCCESS,ok,8,0,0,low,-0.190829194159085,0
2025-11-17 02:02:11,bob,user,192.168.1.11,SUCCESS,ok,2,0,0,low,-0.18047231705103794,0
2025-11-23 07:13:11,admin,admin,1.1.1.1,SUCCESS,ok,7,6,20,low,-0.07234580147562542,0
2025-11-19 18:54:11,charlie,user,192.168.1.10,SUCCESS,ok,18,2,0,low,-0.16033407215443196,0
2025-11-18 15:19:11,alice,user,198.51.100.3,SUCCESS,ok,15,1,0,low,-0.09652279198296798,0
2025-11-20 08:48:11,alice,user,10.0.0.5,FAIL,bad_password,8,3,0,low,-0.04762231847290965,0
2025-11-17 00:54:11,admin,admin,203.0.113.10,SUCCESS,ok,0,0,45,medium,-0.047911443085905225,0
2025-11-21 17:37:11,alice,user,198.51.100.3,SUCCESS,ok,17,4,0,low,-0.09561122365633623,0
2025-11-21 00:07:11,alice,user,10.0.0.6,SUCCESS,ok,0,4,25,low,-0.20857248445186816,0
2025-11-17 08:23:11,charlie,user,192.168.1.10,FAIL,bad_password,8,0,0,low,-0.04762231847290965,0
2025-11-23 17:36:11,bob,user,10.0.0.6,SUCCESS,ok,17,6,0,low,-0.17359379399333147,0
2025-11-18 23:17:11,charlie,user,10.0.0.6,SUCCESS,ok,23,1,25,low,-0.210737719048044,0
2025-11-20 18:18:11,bob,user,10.0.0.5,SUCCESS,ok,18,3,0,low,-0.16033407215443196,0
2025-11-23 03:58:11,bob,user,192.168.1.12,SUCCESS,ok,3,6,0,low,-0.17726528538563163,0
2025-11-21 11:30:11,alice,user,10.0.0.6,SUCCESS,ok,11,4,0,low,-0.19407593469510948,0
2025-11-23 13:58:11,alice,user,192.168.1.10,SUCCESS,ok,13,6,0,low,-0.19419957982571562,0
2025-11-22 11:40:11,charlie,user,192.168.1.12,SUCCESS,ok,11,5,0,low,-0.19407593469510948,0
2025-11-19 13:39:11,bob,user,192.168.1.11,SUCCESS,ok,13,2,0,low,-0.19419957982571562,0
2025-11-19 08:55:11,bob,user,10.0.0.5,SUCCESS,ok,8,2,0,low,-0.190829194159085,0
2025-11-18 12:09:11,charlie,user,192.168.1.11,SUCCESS,ok,12,1,0,low,-0.19656099588041198,0
2025-11-23 12:38:11,bob,user,192.168.1.11,SUCCESS,ok,12,6,0,low,-0.19656099588041198,0
2025-11-17 12:00:11,alice,user,203.0.113.10,SUCCESS,ok,12,0,0,low,-0.09823843042310598,0
2025-11-19 08:17:11,bob,user,192.168.1.10,SUCCESS,ok,8,2,0,low,-0.190829194159085,0
2025-11-19 09:44:11,charlie,user,10.0.0.5,SUCCESS,ok,9,2,0,low,-0.18227415590770224,0
2025-11-24 16:06:11,bob,user,10.0.0.6,SUCCESS,ok,16,0,0,low,-0.18145127272917383,0
2025-11-19 16:45:11,admin,admin,51.89.23.14,SUCCESS,ok,16,2,20,low,-0.049241542039513475,0
2025-11-20 21:58:11,alice,user,203.0.113.10,SUCCESS,ok,21,3,0,low,-0.07309718816711486,0
2025-11-18 06:17:11,bob,user,192.168.1.12,SUCCESS,ok,6,1,0,low,-0.19886593041608974,0
2025-11-21 01:27:11,charlie,user,192.168.1.12,SUCCESS,ok,1,4,0,low,-0.13038266067470616,0
2025-11-23 02:20:11,alice,user,10.0.0.6,SUCCESS,ok,2,6,0,low,-0.18047231705103794,0
2025-11-21 03:24:11,bob,user,192.168.1.11,SUCCESS,ok,3,4,0,low,-0.17726528538563163,0
2025-11-23 22:27:11,admin,admin,192.168.1.12,SUCCESS,ok,22,6,45,medium,-0.10452001337216565,0
2025-11-20 20:01:11,alice,user,192.168.1.10,FAIL,unknown_user,20,3,0,low,-0.05507995978204949,0
2025-11-20 08:37:11,charlie,user,192.168.1.10,SUCCESS,ok,8,3,0,low,-0.190829194159085,0
2025-11-17 11:58:11,charlie,user,192.168.1.12,SUCCESS,ok,11,0,0,low,-0.19407593469510948,0
2025-11-22 01:28:11,alice,user,10.0.0.5,SUCCESS,ok,1,5,25,low,-0.18110962984545836,0
2025-11-17 09:47:11,admin,admin,192.168.1.10,FAIL,bad_password,9,0,20,low,-0.054061580691479705,0
2025-11-22 21:49:11,admin,admin,10.0.0.5,SUCCESS,ok,21,5,20,low,-0.1778049106009621,0
2025-11-17 06:32:11,alice,user,192.168.1.11,SUCCESS,ok,6,0,0,low,-0.19886593041608974,0
2025-11-18 02:37:11,charlie,user,10.0.0.6,SUCCESS,ok,2,1,0,low,-0.18047231705103794,0
2025-11-18 05:00:11,charlie,user,10.0.0.6,SUCCESS,ok,5,1,0,low,-0.19728484892242687,0
2025-11-17 12:38:11,admin,admin,10.0.0.6,SUCCESS,ok,12,0,20,low,-0.1409960276123522,0
2025-11-23 22:49:11,alice,user,192.168.1.12,SUCCESS,ok,22,6,25,low,-0.19244854323655258,0
2025-11-18 00:10:11,bob,user,10.0.0.5,SUCCESS,ok,0,1,25,low,-0.20857248445186816,0
2025-11-18 06:55:11,alice,user,203.0.113.10,SUCCESS,ok,6,1,0,low,-0.09258359815944128,0
2025-11-17 00:01:11,charlie,user,192.168.1.12,SUCCESS,ok,0,0,25,low,-0.20857248445186816,0
2025-11-21 20:40:11,alice,user,192.168.1.12,SUCCESS,ok,20,4,0,low,-0.1903998336914906,0
2025-11-20 05:48:11,admin,admin,192.168.1.12,FAIL,bad_password,5,3,20,low,-0.056985538867247665,0
2025-11-17 21:14:11,bob,user,192.168.1.10,SUCCESS,ok,21,0,25,low,-0.15594001907044708,0
2025-11-20 21:58:11,alice,user,51.89.23.14,FAIL,bad_password,21,3,10,low,-0.013175125664495968,0
2025-11-18 04:26:11,charlie,user,192.168.1.12,SUCCESS,ok,4,1,0,low,-0.19062178946263747,0
2025-11-19 09:24:11,alice,user,192.168.1.10,FAIL,bad_password,9,2,0,low,-0.05724616888413547,0
2025-11-18 00:17:11,charlie,user,192.168.1.10,SUCCESS,ok,0,1,25,low,-0.20857248445186816,0
2025-11-18 19:05:11,admin,admin,192.168.1.10,SUCCESS,ok,19,1,20,low,-0.12720297125725155,0
2025-11-22 10:15:11,admin,admin,10.0.0.5,FAIL,bad_password,10,5,20,low,-0.042711612700773616,0
2025-11-19 23:32:11,bob,user,192.168.1.11,SUCCESS,ok,23,2,25,low,-0.210737719048044,0
2025-11-17 03:53:11,alice,user,192.168.1.11,SUCCESS,ok,3,0,0,low,-0.17726528538563163,0
2025-11-20 20:42:11,charlie,user,192.168.1.11,SUCCESS,ok,20,3,0,low,-0.1903998336914906,0
2025-11-22 17:59:11,admin,admin,192.168.1.11,SUCCESS,ok,17,5,20,low,-0.11366135371892117,0
2025-11-20 00:49:11,charlie,user,192.168.1.11,SUCCESS,ok,0,3,25,low,-0.20857248445186816,0
2025-11-19 15:07:11,charlie,user,10.0.0.5,SUCCESS,ok,15,2,0,low,-0.18470423452041673,0
2025-11-17 23:55:11,bob,user,192.168.1.11,SUCCESS,ok,23,0,25,low,-0.210737719048044,0
2025-11-24 19:45:11,alice,user,10.0.0.5,SUCCESS,ok,19,0,0,low,-0.17298091179169078,0
2025-11-24 19:13:11,admin,admin,51.89.23.14,SUCCESS,ok,19,0,20,low,-0.055489928776291,0
2025-11-18 00:18:11,alice,user,192.168.1.10,SUCCESS,ok,0,1,25,low,-0.20857248445186816,0
2025-11-19 14:38:11,charlie,user,10.0.0.5,SUCCESS,ok,14,2,0,low,-0.20174898740751157,0
2025-11-23 06:54:11,charlie,user,192.168.1.12,SUCCESS,ok,6,6,0,low,-0.19886593041608974,0
2025-11-23 17:36:11,bob,user,192.168.1.10,SUCCESS,ok,17,6,0,low,-0.17359379399333147,0
2025-11-19 18:12:11,charlie,user,192.168.1.12,SUCCESS,ok,18,2,0,low,-0.16033407215443196,0
2025-11-20 20:14:11,bob,user,192.168.1.11,FAIL,unknown_user,20,3,20,low,-0.0803417527400716,0
2025-11-17 22:34:11,admin,admin,10.0.0.6,FAIL,unknown_user,22,0,45,medium,-0.030596375732419356,0
2025-11-18 18:57:11,charlie,user,192.168.1.11,SUCCESS,ok,18,1,0,low,-0.16033407215443196,0
2025-11-22 04:52:11,alice,user,10.0.0.5,SUCCESS,ok,4,5,0,low,-0.19062178946263747,0
2025-11-21 10:35:11,admin,admin,10.0.0.6,SUCCESS,ok,10,4,20,low,-0.13877852532491242,0
2025-11-22 15:43:11,alice,user,10.0.0.6,SUCCESS,ok,15,5,0,low,-0.18470423452041673,0
2025-11-23 20:53:11,admin,admin,192.168.1.12,FAIL,unknown_user,20,6,20,low,-0.0803417527400716,0
2025-11-20 11:12:11,charlie,user,51.89.23.14,SUCCESS,ok,11,3,0,low,-0.0938885185346151,0
2025-11-17 18:58:11,admin,admin,10.0.0.6,SUCCESS,ok,18,0,20,low,-0.0967921906547139,0
2025-11-23 12:38:11,admin,admin,192.168.1.10,SUCCESS,ok,12,6,20,low,-0.1409960276123522,0
2025-11-18 22:00:11,admin,admin,10.0.0.5,SUCCESS,ok,22,1,45,medium,-0.10452001337216565,0
2025-11-17 04:02:11,admin,admin,192.168.1.11,SUCCESS,ok,4,0,20,low,-0.13940584488127883,0
2025-11-20 12:08:11,bob,user,10.0.0.5,SUCCESS,ok,12,3,0,low,-0.19656099588041198,0
2025-11-20 18:18:11,alice,user,192.168.1.10,SUCCESS,ok,18,3,0,low,-0.16033407215443196,0
2025-11-20 13:28:11,alice,user,192.168.1.10,SUCCESS,ok,13,3,0,low,-0.19419957982571562,0
2025-11-23 01:11:11,charlie,user,192.168.1.10,SUCCESS,ok,1,6,0,low,-0.13038266067470616,0
2025-11-18 16:34:11,charlie,user,10.0.0.6,SUCCESS,ok,16,1,0,low,-0.18145127272917383,0
2025-11-22 12:02:11,alice,user,192.168.1.12,SUCCESS,ok,12,5,0,low,-0.19656099588041198,0
2025-11-24 06:37:11,bob,user,1.1.1.1,SUCCESS,ok,6,0,0,low,-0.09258359815944128,0
2025-11-22 05:20:11,alice,user,10.0.0.6,SUCCESS,ok,5,5,0,low,-0.19728484892242687,0
2025-11-24 05:02:11,alice,user,192.168.1.12,SUCCESS,ok,5,0,0,low,-0.19728484892242687,0
2025-11-21 10:44:11,charlie,user,192.168.1.12,FAIL,bad_password,10,4,0,low,-0.0412668499230906,0
2025-11-21 02:47:11,admin,admin,10.0.0.6,SUCCESS,ok,2,4,20,low,-0.16465188214662851,0
2025-11-18 06:01:11,charlie,user,10.0.0.5,SUCCESS,ok,6,1,0,low,-0.19886593041608974,0
2025-11-22 15:26:11,charlie,user,192.168.1.10,FAIL,bad_password,15,5,0,low,-0.06459892114324539,0
2025-11-21 10:11:11,bob,user,51.89.23.14,SUCCESS,ok,10,4,0,low,-0.07176027591229472,0
2025-11-18 17:54:11,alice,user,10.0.0.6,SUCCESS,ok,17,1,0,low,-0.17359379399333147,0
2025-11-24 15:21:11,charlie,user,198.51.100.3,SUCCESS,ok,15,0,0,low,-0.09652279198296798,0
2025-11-18 13:34:11,alice,user,10.0.0.5,SUCCESS,ok,13,1,0,low,-0.19419957982571562,0
2025-11-21 00:29:11,alice,user,8.8.8.8,FAIL,bad_password,0,4,35,low,-0.03416670865691385,0
2025-11-23 18:21:11,admin,admin,192.168.1.10,SUCCESS,ok,18,6,20,low,-0.0967921906547139,0
2025-11-20 06:39:11,charlie,user,10.0.0.5,FAIL,bad_password,6,3,0,low,-0.055176373175472526,0
2025-11-17 20:07:11,bob,user,192.168.1.11,SUCCESS,ok,20,0,0,low,-0.1903998336914906,0
2025-11-22 23:17:11,charlie,user,10.0.0.5,SUCCESS,ok,23,5,25,low,-0.210737719048044,0
2025-11-17 23:11:11,admin,admin,10.0.0.6,SUCCESS,ok,23,0,45,medium,-0.13368125327708047,0
2025-11-19 21:48:11,alice,user,192.168.1.12,SUCCESS,ok,21,2,0,low,-0.15990570750197874,0
2025-11-22 12:43:11,alice,user,192.168.1.12,SUCCESS,ok,12,5,0,low,-0.19656099588041198,0
2025-11-23 18:35:11,bob,user,192.168.1.11,SUCCESS,ok,18,6,0,low,-0.16033407215443196,0
2025-11-20 16:51:11,alice,user,192.168.1.10,SUCCESS,ok,16,3,0,low,-0.18145127272917383,0
2025-11-21 02:24:11,admin,admin,51.89.23.14,SUCCESS,ok,2,4,20,low,-0.07520662654627608,0
2025-11-21 07:13:11,admin,admin,192.168.1.12,SUCCESS,ok,7,4,20,low,-0.13441809268261362,0
2025-11-17 17:13:11,bob,user,192.168.1.10,SUCCESS,ok,17,0,0,low,-0.17359379399333147,0
2025-11-21 13:58:11,charlie,user,192.168.1.10,SUCCESS,ok,13,4,0,low,-0.19419957982571562,0
2025-11-20 05:00:11,admin,admin,10.0.0.6,SUCCESS,ok,5,3,20,low,-0.14136419955671842,0
2025-11-23 06:06:11,bob,user,192.168.1.12,SUCCESS,ok,6,6,0,low,-0.19886593041608974,0
2025-11-17 07:02:11,alice,user,51.89.23.14,SUCCESS,ok,7,0,0,low,-0.10654305800138675,0
2025-11-17 03:29:11,charlie,user,8.8.8.8,FAIL,bad_password,3,0,10,low,-0.01058131470288537,0
2025-11-24 21:17:11,alice,user,198.51.100.3,FAIL,bad_password,21,0,10,low,-0.013175125664495968,0
2025-11-17 00:01:11,admin,admin,192.168.1.10,SUCCESS,ok,0,0,45,medium,-0.10184810617941686,0
2025-11-23 09:32:11,charlie,user,192.168.1.11,SUCCESS,ok,9,6,0,low,-0.18227415590770224,0
2025-11-22 01:49:11,bob,user,192.168.1.12,SUCCESS,ok,1,5,25,low,-0.18110962984545836,0
2025-11-22 12:37:11,admin,admin,198.51.100.3,SUCCESS,ok,12,5,20,low,-0.06377710570278616,0
2025-11-20 22:45:11,admin,admin,198.51.100.3,SUCCESS,ok,22,3,45,medium,-0.03554927090057336,0
2025-11-17 11:05:11,alice,user,203.0.113.10,SUCCESS,ok,11,0,0,low,-0.0938885185346151,0
2025-11-20 18:37:11,charlie,user,51.89.23.14,FAIL,bad_password,18,3,10,low,-0.004680390170771709,0
2025-11-24 15:33:11,charlie,user,192.168.1.12,FAIL,unknown_user,15,0,0,low,-0.06459892114324539,0
2025-11-20 16:46:11,bob,user,10.0.0.6,SUCCESS,ok,16,3,0,low,-0.18145127272917383,0
2025-11-21 09:01:11,bob,user,10.0.0.5,SUCCESS,ok,9,4,0,low,-0.18227415590770224,0
2025-11-17 12:35:11,admin,admin,192.168.1.11,SUCCESS,ok,12,0,20,low,-0.1409960276123522,0
2025-11-22 02:18:11,charlie,user,51.89.23.14,SUCCESS,ok,2,5,0,low,-0.06960525500538584,0
2025-11-19 02:28:11,charlie,user,192.168.1.12,SUCCESS,ok,2,2,0,low,-0.18047231705103794,0
2025-11-20 14:07:11,alice,user,192.168.1.11,SUCCESS,ok,14,3,0,low,-0.20174898740751157,0
2025-11-23 17:36:11,admin,admin,1.1.1.1,SUCCESS,ok,17,6,20,low,-0.06080458864539273,0
2025-11-23 08:48:11,charlie,user,203.0.113.10,SUCCESS,ok,8,6,0,low,-0.08935270331353007,0
2025-11-22 02:29:11,charlie,user,192.168.1.10,SUCCESS,ok,2,5,0,low,-0.18047231705103794,0
2025-11-17 23:38:11,charlie,user,192.168.1.12,SUCCESS,ok,23,0,25,low,-0.210737719048044,0
2025-11-19 09:15:11,charlie,user,10.0.0.5,FAIL,bad_password,9,2,0,low,-0.05724616888413547,0
2025-11-22 21:33:11,charlie,user,192.168.1.11,SUCCESS,ok,21,5,25,low,-0.15594001907044708,0
2025-11-22 17:42:11,admin,admin,1.1.1.1,SUCCESS,ok,17,5,20,low,-0.06080458864539273,0
2025-11-21 16:43:11,bob,user,10.0.0.6,SUCCESS,ok,16,4,0,low,-0.18145127272917383,0
2025-11-23 21:10:11,alice,user,10.0.0.6,SUCCESS,ok,21,6,0,low,-0.15990570750197874,0
2025-11-22 15:53:11,charlie,user,192.168.1.12,FAIL,bad_password,15,5,0,low,-0.06459892114324539,0
2025-11-21 20:20:11,bob,user,192.168.1.10,SUCCESS,ok,20,4,0,low,-0.1903998336914906,0
2025-11-24 19:03:11,charlie,user,192.168.1.10,SUCCESS,ok,19,0,0,low,-0.17298091179169078,0
2025-11-19 13:41:11,admin,admin,203.0.113.10,SUCCESS,ok,13,2,20,low,-0.0681763832264003,0
2025-11-17 23:21:11,admin,admin,192.168.1.12,SUCCESS,ok,23,0,45,medium,-0.13368125327708047,0
2025-11-23 02:14:11,admin,admin,192.168.1.10,SUCCESS,ok,2,6,20,low,-0.16465188214662851,0
2025-11-17 14:48:11,charlie,user,192.168.1.10,SUCCESS,ok,14,0,0,low,-0.20174898740751157,0
2025-11-19 08:50:11,bob,user,10.0.0.5,SUCCESS,ok,8,2,0,low,-0.190829194159085,0
2025-11-23 09:00:11,bob,user,192.168.1.10,SUCCESS,ok,9,6,0,low,-0.18227415590770224,0
2025-11-24 16:07:11,charlie,user,10.0.0.5,SUCCESS,ok,16,0,0,low,-0.18145127272917383,0
2025-11-20 12:43:11,bob,user,8.8.8.8,SUCCESS,ok,12,3,0,low,-0.09823843042310598,0
2025-11-17 22:25:11,charlie,user,192.168.1.10,SUCCESS,ok,22,0,25,low,-0.19244854323655258,0
2025-11-24 12:45:11,admin,admin,10.0.0.5,SUCCESS,ok,12,0,20,low,-0.1409960276123522,0
2025-11-23 13:17:11,charlie,user,192.168.1.11,SUCCESS,ok,13,6,0,low,-0.19419957982571562,0
2025-11-17 07:51:11,admin,admin,192.168.1.10,SUCCESS,ok,7,0,20,low,-0.13441809268261362,0
2025-11-21 17:40:11,charlie,user,192.168.1.10,SUCCESS,ok,17,4,0,low,-0.17359379399333147,0
2025-11-21 00:36:11,alice,user,192.168.1.11,SUCCESS,ok,0,4,25,low,-0.20857248445186816,0
2025-11-20 06:30:11,admin,admin,198.51.100.3,SUCCESS,ok,6,3,20,low,-0.06363262447868734,0
2025-11-23 18:07:11,charlie,user,192.168.1.12,SUCCESS,ok,18,6,0,low,-0.16033407215443196,0
2025-11-20 13:32:11,bob,user,10.0.0.6,SUCCESS,ok,13,3,0,low,-0.19419957982571562,0
2025-11-17 17:51:11,bob,user,192.168.1.12,SUCCESS,ok,17,0,0,low,-0.17359379399333147,0
2025-11-23 09:42:11,bob,user,192.168.1.11,SUCCESS,ok,9,6,0,low,-0.18227415590770224,0
2025-11-21 01:06:11,admin,admin,51.89.23.14,SUCCESS,ok,1,4,45,medium,-0.03626261928233021,0
2025-11-24 18:28:11,charlie,user,192.168.1.10,SUCCESS,ok,18,0,0,low,-0.16033407215443196,0
2025-11-22 08:00:11,charlie,user,192.168.1.12,SUCCESS,ok,8,5,0,low,-0.190829194159085,0
2025-11-16 22:56:11,admin,admin,10.0.0.6,SUCCESS,ok,22,6,45,medium,-0.10452001337216565,0
2025-11-19 05:52:11,admin,admin,10.0.0.5,SUCCESS,ok,5,2,20,low,-0.14136419955671842,0
2025-11-19 10:38:11,alice,user,192.168.1.10,SUCCESS,ok,10,2,0,low,-0.1699839366717691,0
2025-11-19 04:57:11,admin,admin,10.0.0.5,SUCCESS,ok,4,2,20,low,-0.13940584488127883,0
2025-11-17 17:25:11,charlie,user,8.8.8.8,SUCCESS,ok,17,0,0,low,-0.09561122365633623,0
2025-11-19 07:47:11,bob,user,192.168.1.11,SUCCESS,ok,7,2,0,low,-0.1968515695316872,0
2025-11-21 04:31:11,charlie,user,192.168.1.11,SUCCESS,ok,4,4,0,low,-0.19062178946263747,0
2025-11-21 07:59:11,bob,user,198.51.100.3,SUCCESS,ok,7,4,0,low,-0.10654305800138675,0
2025-11-24 01:06:11,admin,admin,192.168.1.11,SUCCESS,ok,1,0,45,medium,-0.10166881446659493,0
2025-11-18 03:34:11,bob,user,192.168.1.11,SUCCESS,ok,3,1,0,low,-0.17726528538563163,0
2025-11-22 14:14:11,bob,user,192.168.1.11,SUCCESS,ok,14,5,0,low,-0.20174898740751157,0
2025-11-24 05:25:11,admin,admin,51.89.23.14,SUCCESS,ok,5,0,20,low,-0.07626231899090763,0
2025-11-19 21:54:11,bob,user,192.168.1.11,SUCCESS,ok,21,2,25,low,-0.15594001907044708,0
2025-11-19 13:28:11,admin,admin,192.168.1.11,SUCCESS,ok,13,2,20,low,-0.15399858864627358,0
2025-11-18 03:13:11,charlie,user,10.0.0.5,SUCCESS,ok,3,1,0,low,-0.17726528538563163,0
2025-11-20 00:16:11,admin,admin,198.51.100.3,FAIL,bad_password,0,3,55,medium,0.027048199413369334,1
2025-11-23 21:30:11,admin,admin,192.168.1.12,SUCCESS,ok,21,6,20,low,-0.1778049106009621,0
2025-11-19 09:46:11,charlie,user,192.168.1.12,SUCCESS,ok,9,2,0,low,-0.18227415590770224,0
2025-11-17 06:12:11,bob,user,192.168.1.12,SUCCESS,ok,6,0,0,low,-0.19886593041608974,0
2025-11-23 09:13:11,admin,admin,10.0.0.5,SUCCESS,ok,9,6,20,low,-0.11803535557386646,0
2025-11-18 04:28:11,admin,admin,10.0.0.6,SUCCESS,ok,4,1,20,low,-0.13940584488127883,0
2025-11-17 07:41:11,bob,user,10.0.0.6,SUCCESS,ok,7,0,0,low,-0.1968515695316872,0
2025-11-18 02:18:11,alice,user,192.168.1.10,SUCCESS,ok,2,1,0,low,-0.18047231705103794,0
2025-11-18 21:45:11,alice,user,10.0.0.6,SUCCESS,ok,21,1,0,low,-0.15990570750197874,0
2025-11-17 13:11:11,admin,admin,10.0.0.5,SUCCESS,ok,13,0,20,low,-0.15399858864627358,0
2025-11-17 15:02:11,charlie,user,192.168.1.12,SUCCESS,ok,15,0,0,low,-0.18470423452041673,0
2025-11-23 15:38:11,charlie,user,192.168.1.10,SUCCESS,ok,15,6,0,low,-0.18470423452041673,0
2025-11-18 15:35:11,bob,user,192.168.1.12,SUCCESS,ok,15,1,0,low,-0.18470423452041673,0
2025-11-23 03:42:11,bob,user,51.89.23.14,SUCCESS,ok,3,6,0,low,-0.07576818917480965,0
2025-11-17 20:21:11,charlie,user,192.168.1.11,SUCCESS,ok,20,0,0,low,-0.1903998336914906,0
2025-11-18 12:51:11,admin,admin,192.168.1.10,SUCCESS,ok,12,1,20,low,-0.1409960276123522,0
2025-11-23 00:03:11,bob,user,192.168.1.11,SUCCESS,ok,0,6,25,low,-0.20857248445186816,0
2025-11-19 02:23:11,alice,user,192.168.1.11,SUCCESS,ok,2,2,0,low,-0.18047231705103794,0
2025-11-19 19:29:11,admin,admin,10.0.0.5,SUCCESS,ok,19,2,20,low,-0.12720297125725155,0
2025-11-24 13:21:11,bob,user,10.0.0.6,SUCCESS,ok,13,0,0,low,-0.19419957982571562,0
2025-11-21 12:05:11,bob,user,192.168.1.11,SUCCESS,ok,12,4,0,low,-0.19656099588041198,0
2025-11-23 05:08:11,bob,user,192.168.1.11,SUCCESS,ok,5,6,0,low,-0.19728484892242687,0
2025-11-23 01:08:11,charlie,user,192.168.1.11,SUCCESS,ok,1,6,0,low,-0.13038266067470616,0
2025-11-24 12:09:11,admin,admin,10.0.0.5,SUCCESS,ok,12,0,20,low,-0.1409960276123522,0
2025-11-24 03:16:11,admin,admin,192.168.1.10,FAIL,unknown_user,3,0,20,low,-0.05930839003582511,0
2025-11-24 20:56:11,charlie,user,10.0.0.6,SUCCESS,ok,20,0,0,low,-0.1903998336914906,0
2025-11-20 14:21:11,alice,user,10.0.0.6,SUCCESS,ok,14,3,0,low,-0.20174898740751157,0
2025-11-17 17:58:11,charlie,user,192.168.1.12,SUCCESS,ok,17,0,0,low,-0.17359379399333147,0
2025-11-20 16:35:11,alice,user,51.89.23.14,SUCCESS,ok,16,3,0,low,-0.0961221477231492,0
2025-11-21 12:38:11,bob,user,10.0.0.5,SUCCESS,ok,12,4,0,low,-0.19656099588041198,0
2025-11-22 01:10:11,admin,admin,10.0.0.5,SUCCESS,ok,1,5,45,medium,-0.10166881446659493,0
2025-11-23 10:28:11,charlie,user,192.168.1.12,SUCCESS,ok,10,6,0,low,-0.1699839366717691,0
2025-11-21 15:09:11,bob,user,10.0.0.5,SUCCESS,ok,15,4,0,low,-0.18470423452041673,0
2025-11-18 22:31:11,alice,user,10.0.0.5,SUCCESS,ok,22,1,25,low,-0.19244854323655258,0
2025-11-17 19:58:11,bob,user,192.168.1.11,SUCCESS,ok,19,0,0,low,-0.17298091179169078,0
2025-11-22 23:55:11,bob,user,192.168.1.11,SUCCESS,ok,23,5,25,low,-0.210737719048044,0
2025-11-22 20:56:11,admin,admin,8.8.8.8,FAIL,bad_password,20,5,30,low,-0.02130900472758024,0
2025-11-20 23:29:11,admin,admin,8.8.8.8,FAIL,bad_password,23,3,55,medium,0.023415892839294128,1
2025-11-20 19:47:11,admin,admin,203.0.113.10,FAIL,bad_password,19,3,30,low,-0.020003778127905103,0
2025-11-21 15:05:11,admin,admin,198.51.100.3,FAIL,bad_password,15,4,30,low,-0.0203469391983091,0
2025-11-23 00:49:11,admin,admin,8.8.8.8,FAIL,bad_password,0,6,55,medium,0.027048199413369334,1
2025-11-18 08:17:11,admin,admin,203.0.113.10,FAIL,bad_password,8,1,30,low,-0.006786350844601774,0
2025-11-19 21:19:11,admin,admin,8.8.8.8,FAIL,bad_password,21,2,30,low,-0.037950253163637204,0
2025-11-18 12:35:11,admin,admin,51.89.23.14,FAIL,bad_password,12,1,30,low,0.00035942967917768076,1
2025-11-19 09:46:11,admin,admin,8.8.8.8,FAIL,bad_password,9,2,30,low,-0.0008799830076420267,0
2025-11-22 13:42:11,admin,admin,8.8.8.8,FAIL,bad_password,13,5,30,low,-0.010545994966552397,0
2025-11-23 04:15:11,admin,admin,8.8.8.8,FAIL,bad_password,4,6,30,low,-0.028019968902058268,0
2025-11-23 08:24:11,admin,admin,8.8.8.8,FAIL,bad_password,8,6,30,low,-0.006786350844601774,0
2025-11-17 01:38:11,admin,admin,203.0.113.10,FAIL,bad_password,1,0,55,medium,0.027515709506927943,1
2025-11-18 05:26:11,admin,admin,198.51.100.3,FAIL,bad_password,5,1,30,low,-0.02502768947241485,0
2025-11-19 11:02:11,admin,admin,198.51.100.3,FAIL,bad_password,11,2,30,low,0.0033289615315758025,1
2025-11-18 14:57:11,admin,admin,198.51.100.3,FAIL,bad_password,14,1,30,low,-0.022076662112848977,0
2025-11-17 19:24:11,admin,admin,51.89.23.14,FAIL,bad_password,19,0,30,low,-0.020003778127905103,0
2025-11-24 08:32:11,admin,admin,51.89.23.14,FAIL,bad_password,8,0,30,low,-0.006786350844601774,0
2025-11-19 14:18:11,admin,admin,198.51.100.3,FAIL,bad_password,14,2,30,low,-0.022076662112848977,0
2025-11-17 05:55:11,admin,admin,198.51.100.3,FAIL,bad_password,5,0,30,low,-0.02502768947241485,0
2025-11-18 17:51:11,admin,admin,198.51.100.3,FAIL,bad_password,17,1,30,low,-0.010774336208735913,0
2025-11-18 06:18:11,admin,admin,198.51.100.3,FAIL,bad_password,6,1,30,low,-0.010957546519636985,0
2025-11-22 02:28:11,admin,admin,51.89.23.14,FAIL,bad_password,2,5,30,low,-0.033194089163305684,0
2025-11-22 02:56:11,admin,admin,1.1.1.1,FAIL,bad_password,2,5,30,low,-0.033194089163305684,0
2025-11-21 06:26:11,admin,admin,1.1.1.1,FAIL,bad_password,6,4,30,low,-0.010957546519636985,0
2025-11-17 05:05:11,admin,admin,8.8.8.8,FAIL,bad_password,5,0,30,low,-0.02502768947241485,0
2025-11-18 17:27:11,admin,admin,203.0.113.10,FAIL,bad_password,17,1,30,low,-0.010774336208735913,0
2025-11-22 01:29:11,admin,admin,1.1.1.1,FAIL,bad_password,1,5,55,medium,0.027515709506927943,1
2025-11-23 22:06:11,admin,admin,203.0.113.10,FAIL,bad_password,22,6,55,medium,0.02854880813504046,1
2025-11-23 19:40:11,admin,admin,198.51.100.3,FAIL,bad_password,19,6,30,low,-0.020003778127905103,0
